{
    "width": [
        5,
        2,
        2,
        1
    ],
    "depth": 4,
    "degree": 3,
    "coefs_size": 9,
    "knots_size": 13,
    "num_inputs_dict": {
        "0": 5,
        "1": 2,
        "2": 2
    },
    "num_outputs_dict": {
        "0": 2,
        "1": 2,
        "2": 1
    },
    "coefs_dict": {
        "0,0,0,0": -1.422877325804654,
        "0,0,0,1": 0.6993619459210875,
        "0,0,0,2": 0.5732694863440451,
        "0,0,0,3": 0.7011279845343192,
        "0,0,0,4": 0.7859611294324088,
        "0,0,0,5": 0.4127284445260729,
        "0,0,0,6": 0.1373615016365432,
        "0,0,0,7": -0.42961645958322675,
        "0,0,0,8": 0.6585938790301196,
        "0,0,1,0": 1.9099336433647518,
        "0,0,1,1": -0.5592330906580429,
        "0,0,1,2": -0.4530121466244881,
        "0,0,1,3": -0.5178870184488155,
        "0,0,1,4": -0.4965590275389983,
        "0,0,1,5": -0.3961202970593677,
        "0,0,1,6": -0.304142426520914,
        "0,0,1,7": 0.40315671544095844,
        "0,0,1,8": -0.7402842541451525,
        "0,0,2,0": -0.1823993226783341,
        "0,0,2,1": 1.2273380399691476,
        "0,0,2,2": -1.0746556543830286,
        "0,0,2,3": -2.7810038019757863,
        "0,0,2,4": -1.255419153250312,
        "0,0,2,5": 1.1140782971425647,
        "0,0,2,6": -3.0561784948665616,
        "0,0,2,7": 0.7406700094201009,
        "0,0,2,8": 0.6066517626736435,
        "0,0,3,0": -1.160114592721487,
        "0,0,3,1": -0.11524621445413409,
        "0,0,3,2": 0.20115605216290405,
        "0,0,3,3": 0.30485953386176207,
        "0,0,3,4": 0.5182432252457846,
        "0,0,3,5": 0.7445075081242298,
        "0,0,3,6": 0.5124960399268216,
        "0,0,3,7": 1.166438286141427,
        "0,0,3,8": -1.2700594737324762,
        "0,0,4,0": 0.04663806582820634,
        "0,0,4,1": -0.12312532073593703,
        "0,0,4,2": -0.13117611357654374,
        "0,0,4,3": -0.11074101167269164,
        "0,0,4,4": -0.022701107869628145,
        "0,0,4,5": 0.13634655736322454,
        "0,0,4,6": 0.3111141905884435,
        "0,0,4,7": 0.7998312358510359,
        "0,0,4,8": -0.6114385535282079,
        "0,1,0,0": 0.7881844093443285,
        "0,1,0,1": -0.2986761095376803,
        "0,1,0,2": -0.45614090844264576,
        "0,1,0,3": -0.5455113105721217,
        "0,1,0,4": -0.5735256672535519,
        "0,1,0,5": -0.5350084530381137,
        "0,1,0,6": -0.4870700845859053,
        "0,1,0,7": -0.24596679248824796,
        "0,1,0,8": 0.049189386869051215,
        "0,1,1,0": -1.8712975746915959,
        "0,1,1,1": 1.2883427045819718,
        "0,1,1,2": 0.9196545464438899,
        "0,1,1,3": 0.9124050930753154,
        "0,1,1,4": 0.7512589902675967,
        "0,1,1,5": 0.4328888868485906,
        "0,1,1,6": 0.18929809239807416,
        "0,1,1,7": -0.9491694141740723,
        "0,1,1,8": 1.0896261955437847,
        "0,1,2,0": 1.8800120914308032,
        "0,1,2,1": 0.31584104874121904,
        "0,1,2,2": 0.1777480023015312,
        "0,1,2,3": 0.3956111187018177,
        "0,1,2,4": -0.15787838667371845,
        "0,1,2,5": -0.8143332883593849,
        "0,1,2,6": -0.18035423725381697,
        "0,1,2,7": -1.087617757015704,
        "0,1,2,8": 0.24653621710046147,
        "0,1,3,0": 0.7275956805428075,
        "0,1,3,1": -0.07743364530985263,
        "0,1,3,2": -0.45261186030148337,
        "0,1,3,3": -0.5737984564478896,
        "0,1,3,4": -0.6483011749218839,
        "0,1,3,5": -0.6891955010862156,
        "0,1,3,6": -0.5265144521105567,
        "0,1,3,7": -0.34224499285590043,
        "0,1,3,8": 0.73648222960688,
        "0,1,4,0": 0.8759410389885947,
        "0,1,4,1": 0.34642796143632676,
        "0,1,4,2": 0.2615914236080147,
        "0,1,4,3": 0.028648217109433778,
        "0,1,4,4": -0.1234500086281339,
        "0,1,4,5": -0.3434002164396471,
        "0,1,4,6": -0.49586582943362817,
        "0,1,4,7": -0.8809921912103602,
        "0,1,4,8": 0.6751838490919382,
        "1,0,0,0": 3.0510872945347955,
        "1,0,0,1": 1.5669061478252784,
        "1,0,0,2": -1.8623819540170843,
        "1,0,0,3": -0.5192337464014481,
        "1,0,0,4": -1.0114684875298754,
        "1,0,0,5": -2.592627549037033,
        "1,0,0,6": 2.2512563046411924,
        "1,0,0,7": -1.5000843260393535,
        "1,0,0,8": 18.863199390889694,
        "1,0,1,0": -16.766395402696425,
        "1,0,1,1": -0.20808121266801205,
        "1,0,1,2": 2.1098979493730874,
        "1,0,1,3": -0.23393601248107768,
        "1,0,1,4": 1.2491660546652028,
        "1,0,1,5": 0.5791857525961361,
        "1,0,1,6": 0.9627449415852054,
        "1,0,1,7": -2.324743010586054,
        "1,0,1,8": 0.4198492182115191,
        "1,1,0,0": -2.2613893547577004,
        "1,1,0,1": -0.7211265046800663,
        "1,1,0,2": -1.6294221841021739,
        "1,1,0,3": 0.14795551885231326,
        "1,1,0,4": 0.5973406400492371,
        "1,1,0,5": 2.344931894259302,
        "1,1,0,6": 0.07927975200449978,
        "1,1,0,7": 3.451523928381797,
        "1,1,0,8": -15.141405501566908,
        "1,1,1,0": 27.96869451839722,
        "1,1,1,1": -2.3575247042709457,
        "1,1,1,2": -3.0504842786340443,
        "1,1,1,3": 2.198182364596035,
        "1,1,1,4": 1.6663077817510206,
        "1,1,1,5": -0.7921917757452701,
        "1,1,1,6": 0.8060853683894976,
        "1,1,1,7": -0.9562392977885945,
        "1,1,1,8": 0.479866226570579,
        "2,0,0,0": -0.5951189054889825,
        "2,0,0,1": -0.7012590283800822,
        "2,0,0,2": -0.8201087510675986,
        "2,0,0,3": -0.2600845746260148,
        "2,0,0,4": 2.164008809809033,
        "2,0,0,5": -0.31285704646784734,
        "2,0,0,6": 3.4060098600539748,
        "2,0,0,7": -3.6395047817194395,
        "2,0,0,8": 4.603496905322836,
        "2,0,1,0": 16.615061338039865,
        "2,0,1,1": 4.346176052484366,
        "2,0,1,2": -1.1665780439882927,
        "2,0,1,3": 0.5980318265483956,
        "2,0,1,4": -0.020908580896979875,
        "2,0,1,5": -2.7018015222933633,
        "2,0,1,6": 0.8575190605683489,
        "2,0,1,7": -4.0177025229733525,
        "2,0,1,8": 20.60785226120517
    },
    "knots_dict": {
        "0,0,0,0": -3.494577894146449,
        "0,0,0,1": -2.9128175016206734,
        "0,0,0,2": -2.3310571090948975,
        "0,0,0,3": -1.7492967165691218,
        "0,0,0,4": -1.167536324043346,
        "0,0,0,5": -0.5857759315175703,
        "0,0,0,6": -0.004015538991794632,
        "0,0,0,7": 0.5777448535339811,
        "0,0,0,8": 1.1595052460597566,
        "0,0,0,9": 1.7412656385855325,
        "0,0,0,10": 2.3230260311113082,
        "0,0,0,11": 2.904786423637084,
        "0,0,0,12": 3.4865468161628597,
        "0,0,1,0": -3.4933883986386065,
        "0,0,1,1": -2.9168375440147045,
        "0,0,1,2": -2.3402866893908025,
        "0,0,1,3": -1.7637358347669008,
        "0,0,1,4": -1.187184980142999,
        "0,0,1,5": -0.610634125519097,
        "0,0,1,6": -0.03408327089519503,
        "0,0,1,7": 0.5424675837287067,
        "0,0,1,8": 1.1190184383526087,
        "0,0,1,9": 1.6955692929765107,
        "0,0,1,10": 2.2721201476004125,
        "0,0,1,11": 2.8486710022243145,
        "0,0,1,12": 3.4252218568482165,
        "0,0,2,0": -3.4622426273917184,
        "0,0,2,1": -2.8841317821324606,
        "0,0,2,2": -2.3060209368732028,
        "0,0,2,3": -1.7279100916139447,
        "0,0,2,4": -1.1497992463546869,
        "0,0,2,5": -0.5716884010954291,
        "0,0,2,6": 0.0064224441638289775,
        "0,0,2,7": 0.5845332894230866,
        "0,0,2,8": 1.1626441346823444,
        "0,0,2,9": 1.7407549799416027,
        "0,0,2,10": 2.3188658252008607,
        "0,0,2,11": 2.8969766704601185,
        "0,0,2,12": 3.4750875157193764,
        "0,0,3,0": -3.4778852110870773,
        "0,0,3,1": -2.8979220293867445,
        "0,0,3,2": -2.3179588476864117,
        "0,0,3,3": -1.7379956659860787,
        "0,0,3,4": -1.158032484285746,
        "0,0,3,5": -0.5780693025854131,
        "0,0,3,6": 0.001893879114919672,
        "0,0,3,7": 0.5818570608152525,
        "0,0,3,8": 1.1618202425155848,
        "0,0,3,9": 1.741783424215918,