{
    "width": [
        5,
        2,
        1
    ],
    "depth": 3,
    "degree": 3,
    "coefs_size": 6,
    "knots_size": 10,
    "num_inputs_dict": {
        "0": 5,
        "1": 2
    },
    "num_outputs_dict": {
        "0": 2,
        "1": 1
    },
    "coefs_dict": {
        "0,0,0,0": -0.26534981377186284,
        "0,0,0,1": 2.0297240858063414,
        "0,0,0,2": 0.7580726012720297,
        "0,0,0,3": -0.4090253404814564,
        "0,0,0,4": -3.8976897118667844,
        "0,0,0,5": 2.286758626754584,
        "0,0,1,0": 0.02260860928478571,
        "0,0,1,1": -1.0996110472344194,
        "0,0,1,2": -1.3282859773677667,
        "0,0,1,3": 0.1776100058037278,
        "0,0,1,4": 3.552991735459042,
        "0,0,1,5": 7.698619113804293,
        "0,0,2,0": 8.853959557337388,
        "0,0,2,1": -1.6268248993938534,
        "0,0,2,2": -2.307328621059309,
        "0,0,2,3": -2.9630477033672613,
        "0,0,2,4": -1.422482425209403,
        "0,0,2,5": 0.8406851310290548,
        "0,0,3,0": 0.37764864981005913,
        "0,0,3,1": -1.541453478721274,
        "0,0,3,2": 1.2257271285926161,
        "0,0,3,3": 1.569994604674066,
        "0,0,3,4": -2.5384530096742766,
        "0,0,3,5": 1.6101302665275856,
        "0,0,4,0": 1.5786963126943574,
        "0,0,4,1": -0.535269665615534,
        "0,0,4,2": -0.21917335591663695,
        "0,0,4,3": -0.213348459336543,
        "0,0,4,4": 0.8461223048791245,
        "0,0,4,5": -0.03556811472558818,
        "0,1,0,0": 0.5486350873079737,
        "0,1,0,1": -0.6986060984298291,
        "0,1,0,2": -0.8609068362660047,
        "0,1,0,3": -0.2538621158420134,
        "0,1,0,4": 1.0907631582990953,
        "0,1,0,5": 3.5241522116090582,
        "0,1,1,0": 6.944497041307218,
        "0,1,1,1": -2.822753826267916,
        "0,1,1,2": 1.115217798602363,
        "0,1,1,3": 0.0877354086856074,
        "0,1,1,4": -7.353170003288975,
        "0,1,1,5": 2.310964823762724,
        "0,1,2,0": 1.531353381443478,
        "0,1,2,1": 0.4411205315285163,
        "0,1,2,2": 0.03887100951423222,
        "0,1,2,3": -0.17520702649602587,
        "0,1,2,4": -0.5348116439947996,
        "0,1,2,5": 2.1768076845981374,
        "0,1,3,0": 0.7917292259869355,
        "0,1,3,1": -0.4119637635829082,
        "0,1,3,2": -0.6738972637886474,
        "0,1,3,3": -0.21284685467642628,
        "0,1,3,4": 1.0872772843971084,
        "0,1,3,5": 3.492054504747216,
        "0,1,4,0": 1.7305174589687307,
        "0,1,4,1": 0.8591812266358928,
        "0,1,4,2": -0.5165053070536971,
        "0,1,4,3": -0.9685861481762765,
        "0,1,4,4": -1.172482190182089,
        "0,1,4,5": 1.3869317033605553,
        "1,0,0,0": 19.701047423493698,
        "1,0,0,1": -0.041266708522351474,
        "1,0,0,2": -0.16076360245070262,
        "1,0,0,3": -0.11651221787735933,
        "1,0,0,4": 0.15746636183652046,
        "1,0,0,5": 0.711190079412837,
        "1,0,1,0": 4.11872181197051,
        "1,0,1,1": 0.3083495617989351,
        "1,0,1,2": 0.3254858101649682,
        "1,0,1,3": -0.2613973089270056,
        "1,0,1,4": -2.9470884398435286,
        "1,0,1,5": 6.204912569192927
    },
    "knots_dict": {
        "0,0,0,0": -5.239859071723776,
        "0,0,0,1": -4.076338286672225,
        "0,0,0,2": -2.9128175016206734,
        "0,0,0,3": -1.7492967165691218,
        "0,0,0,4": -0.5857759315175703,
        "0,0,0,5": 0.5777448535339811,
        "0,0,0,6": 1.7412656385855325,
        "0,0,0,7": 2.904786423637084,
        "0,0,0,8": 4.068307208688635,
        "0,0,0,9": 5.231827993740186,
        "0,0,1,0": -5.2230409625103125,
        "0,0,1,1": -4.0699392532625085,
        "0,0,1,2": -2.9168375440147045,
        "0,0,1,3": -1.7637358347669008,
        "0,0,1,4": -0.610634125519097,
        "0,0,1,5": 0.5424675837287067,
        "0,0,1,6": 1.6955692929765107,
        "0,0,1,7": 2.8486710022243145,
        "0,0,1,8": 4.001772711472118,
        "0,0,1,9": 5.154874420719922,
        "0,0,2,0": -5.196575163169492,
        "0,0,2,1": -4.040353472650977,
        "0,0,2,2": -2.8841317821324606,
        "0,0,2,3": -1.7279100916139447,
        "0,0,2,4": -0.5716884010954291,
        "0,0,2,5": 0.5845332894230866,
        "0,0,2,6": 1.7407549799416027,
        "0,0,2,7": 2.8969766704601185,
        "0,0,2,8": 4.053198360978635,
        "0,0,2,9": 5.20942005149715,
        "0,0,3,0": -5.217774756188075,
        "0,0,3,1": -4.05784839278741,
        "0,0,3,2": -2.897922029386744,
        "0,0,3,3": -1.7379956659860787,
        "0,0,3,4": -0.5780693025854131,
        "0,0,3,5": 0.5818570608152525,
        "0,0,3,6": 1.741783424215918,
        "0,0,3,7": 2.901709787616584,
        "0,0,3,8": 4.061636151017249,
        "0,0,3,9": 5.221562514417915,
        "0,0,4,0": -5.19352163300479,
        "0,0,4,1": -4.040105667597809,
        "0,0,4,2": -2.8866897021908273,
        "0,0,4,3": -1.7332737367838456,
        "0,0,4,4": -0.5798577713768638,
        "0,0,4,5": 0.573558194030118,
        "0,0,4,6": 1.7269741594370998,
        "0,0,4,7": 2.8803901248440815,
        "0,0,4,8": 4.033806090251064,
        "0,0,4,9": 5.1872220556580455,
        "0,1,0,0": -5.239859071723776,
        "0,1,0,1": -4.076338286672225,
        "0,1,0,2": -2.9128175016206734,
        "0,1,0,3": -1.7492967165691218,
        "0,1,0,4": -0.5857759315175703,
        "0,1,0,5": 0.5777448535339811,
        "0,1,0,6": 1.7412656385855325,
        "0,1,0,7": 2.904786423637084,
        "0,1,0,8": 4.068307208688635,
        "0,1,0,9": 5.231827993740186,
        "0,1,1,0": -5.2230409625103125,
        "0,1,1,1": -4.0699392532625085,
        "0,1,1,2": -2.9168375440147045,
        "0,1,1,3": -1.7637358347669008,
        "0,1,1,4": -0.610634125519097,
        "0,1,1,5": 0.5424675837287067,
        "0,1,1,6": 1.6955692929765107,
        "0,1,1,7": 2.8486710022243145,
        "0,1,1,8": 4.001772711472118,
        "0,1,1,9": 5.154874420719922,
        "0,1,2,0": -5.196575163169492,
        "0,1,2,1": -4.040353472650977,
        "0,1,2,2": -2.8841317821324606,
        "0,1,2,3": -1.7279100916139447,
        "0,1,2,4": -0.5716884010954291,
        "0,1,2,5": 0.5845332894230866,
        "0,1,2,6": 1.7407549799416027,
        "0,1,2,7": 2.8969766704601185,
        "0,1,2,8": 4.053198360978635,
        "0,1,2,9": 5.20942005149715,
        "0,1,3,0": -5.217774756188075,
        "0,1,3,1": -4.05784839278741,
        "0,1,3,2": -2.897922029386744,
        "0,1,3,3": -1.7379956659860787,
        "0,1,3,4": -0.5780693025854131,
        "0,1,3,5": 0.5818570608152525,
        "0,1,3,6": 1.741783424215918,
        "0,1,3,7": 2.901709787616584,
        "0,1,3,8": 4.061636151017249,
        "0,1,3,9": 5.221562514417915,
        "0,1,4,0": -5.19352163300479,
        "0,1,4,1": -4.040105667597809,
        "0,1,4,2": -2.8866897021908273,
        "0,1,4,3": -1.7332737367838456,
        "0,1,4,4": -0.5798577713768638,
        "0,1,4,5": 0.573558194030118,
        "0,1,4,6": 1.7269741594370998,
        "0,1,4,7": 2.8803901248440815,
        "0,1,4,8": 4.033806090251064,
        "0,1,4,9": 5.1872220556580455,
        "1,0,0,0": -6.417930735647503,
        "1,0,0,1": -5.2320622895821565,
        "1,0,0,2": -4.04619384351681,
        "1,0,0,3": -2.8603253974514633,
        "1,0,0,4": -1.6744569513861172,
        "1,0,0,5": -0.488588505320771,
        "1,0,0,6": 0.6972799407445756,
        "1,0,0,7": 1.883148386809922,
        "1,0,0,8": 3.0690168328752683,
        "1,0,0,9": 4.254885278940614,
        "1,0,1,0": -3.926297872998273,
        "1,0,1,1": -2.955406052741414,
        "1,0,1,2": -1.9845142324845546,
        "1,0,1,3": -1.0136224122276953,
        "1,0,1,4": -0.042730591970836285,
        "1,0,1,5": 0.9281612282860228,
        "1,0,1,6": 1.899053048542882,
        "1,0,1,7": 2.8699448687997413,
        "1,0,1,8": 3.8408366890566006,
        "1,0,1,9": 4.811728509313459
    },
    "scale_sp_dict": {
        "0,0,0": 0.010153476926881993,
        "0,0,1": 7.765066339177284,
        "0,0,2": 0.41243650057161263,
        "0,0,3": 0.0013584205241569034,