{
    "width": [
        5,
        2,
        1
    ],
    "depth": 3,
    "degree": 3,
    "coefs_size": 12,
    "knots_size": 16,
    "num_inputs_dict": {
        "0": 5,
        "1": 2
    },
    "num_outputs_dict": {
        "0": 2,
        "1": 1
    },
    "coefs_dict": {
        "0,0,0,0": 0.031230859359205707,
        "0,0,0,1": -0.13693757851336724,
        "0,0,0,2": 0.6086639924315062,
        "0,0,0,3": 0.901083827654616,
        "0,0,0,4": 0.967582482514896,
        "0,0,0,5": 1.2688350431639854,
        "0,0,0,6": 1.9755400727420322,
        "0,0,0,7": 1.010488393578892,
        "0,0,0,8": -0.6356040177954714,
        "0,0,0,9": -1.6997216605469714,
        "0,0,0,10": -1.529579821531841,
        "0,0,0,11": -1.4252052226554455,
        "0,0,1,0": 0.9462486309189901,
        "0,0,1,1": 0.6748074822137159,
        "0,0,1,2": -0.4491131645649224,
        "0,0,1,3": -0.9693942185559519,
        "0,0,1,4": -0.9897671819598636,
        "0,0,1,5": -0.9765047948766505,
        "0,0,1,6": -0.9498035725949575,
        "0,0,1,7": -0.8713597100874353,
        "0,0,1,8": -0.8448951290521604,
        "0,0,1,9": 0.2167663016296899,
        "0,0,1,10": 0.5832398982185985,
        "0,0,1,11": 2.7518928117895247,
        "0,0,2,0": 3.385454885641926,
        "0,0,2,1": -0.5396612701453136,
        "0,0,2,2": -1.6109766559703513,
        "0,0,2,3": -2.4013944463966914,
        "0,0,2,4": -2.5992751696381133,
        "0,0,2,5": -2.9681499856173854,
        "0,0,2,6": -2.899156847168302,
        "0,0,2,7": -3.1451183592653598,
        "0,0,2,8": -2.6743159608899503,
        "0,0,2,9": -2.1037938082918566,
        "0,0,2,10": -1.5185847789352491,
        "0,0,2,11": -0.5354657932449531,
        "0,0,3,0": -1.0776924488468895,
        "0,0,3,1": -0.7203065275632988,
        "0,0,3,2": -0.6039724495938298,
        "0,0,3,3": 0.16770290827224618,
        "0,0,3,4": 1.0552288043433966,
        "0,0,3,5": 1.447142925656123,
        "0,0,3,6": 2.1433263109213647,
        "0,0,3,7": 0.6900944107831783,
        "0,0,3,8": -0.6008826707155551,
        "0,0,3,9": -0.9603040627306584,
        "0,0,3,10": -1.2247559597068016,
        "0,0,3,11": -1.324769941259172,
        "0,0,4,0": 0.9548445180552936,
        "0,0,4,1": -0.5756557158637287,
        "0,0,4,2": -0.25562980109342937,
        "0,0,4,3": -0.9068414702591664,
        "0,0,4,4": -0.3277766381776019,
        "0,0,4,5": -0.5008157479217742,
        "0,0,4,6": -0.20751228259941717,
        "0,0,4,7": -0.013014097623886327,
        "0,0,4,8": 0.20337659081636875,
        "0,0,4,9": 0.8493003887334302,
        "0,0,4,10": 0.9397494518947032,
        "0,0,4,11": 0.3877340925225687,
        "0,1,0,0": 0.5360620746061893,
        "0,1,0,1": -0.1575309639530504,
        "0,1,0,2": -0.45201868395080014,
        "0,1,0,3": -0.6330483031708275,
        "0,1,0,4": -0.674394680319826,
        "0,1,0,5": -0.6472915019213079,
        "0,1,0,6": -0.6347541332770482,
        "0,1,0,7": -0.5393764346744414,
        "0,1,0,8": -0.44763712125538646,
        "0,1,0,9": -0.1889526055253009,
        "0,1,0,10": 0.12941357967603495,
        "0,1,0,11": 1.1184189872616324,
        "0,1,1,0": 1.6418504213141347,
        "0,1,1,1": -1.6486959074346421,
        "0,1,1,2": -3.6126289067689545,
        "0,1,1,3": -1.7384740396932805,
        "0,1,1,4": 0.6606573008971837,
        "0,1,1,5": 1.7234848300165326,
        "0,1,1,6": 1.9487397257543968,
        "0,1,1,7": 1.6120311558345437,
        "0,1,1,8": -2.6684187531103447,
        "0,1,1,9": -0.9537185911125178,
        "0,1,1,10": -2.4254422927693553,
        "0,1,1,11": -4.454799382082756,
        "0,1,2,0": 1.8110623182349728,
        "0,1,2,1": 1.5106507091596832,
        "0,1,2,2": 1.0956844066261815,
        "0,1,2,3": 0.8127940675377842,
        "0,1,2,4": 0.5619276300749242,
        "0,1,2,5": 0.26848576243426675,
        "0,1,2,6": -0.1545753403816396,
        "0,1,2,7": -0.605869782990478,
        "0,1,2,8": -1.2922717383026785,
        "0,1,2,9": -1.575117827882068,
        "0,1,2,10": -2.1209351191011216,
        "0,1,2,11": 0.7453924770194942,
        "0,1,3,0": 0.4750329807255195,
        "0,1,3,1": 0.12963539451877304,
        "0,1,3,2": -0.2792282405192621,
        "0,1,3,3": -0.47596960179961584,
        "0,1,3,4": -0.5933175773632112,
        "0,1,3,5": -0.6279092488711793,
        "0,1,3,6": -0.6445588148461461,
        "0,1,3,7": -0.5331899331947614,
        "0,1,3,8": -0.43542767959868445,
        "0,1,3,9": -0.07649543374369527,
        "0,1,3,10": 0.28685887039745134,
        "0,1,3,11": 1.4168063804460789,
        "0,1,4,0": 2.3719262605859583,
        "0,1,4,1": 0.24457207029382355,
        "0,1,4,2": 0.17650932007156805,
        "0,1,4,3": -0.24233971597318438,
        "0,1,4,4": -0.5208027975737225,
        "0,1,4,5": -0.8167044072399303,
        "0,1,4,6": -0.8900385521869784,
        "0,1,4,7": -1.1127330783633946,
        "0,1,4,8": -1.2519099293060738,
        "0,1,4,9": -1.137225824237276,
        "0,1,4,10": -1.3063303484994917,
        "0,1,4,11": 0.3567326477227559,
        "1,0,0,0": 4.618424787768894,
        "1,0,0,1": -0.76577956230803,
        "1,0,0,2": -0.7894890423527218,
        "1,0,0,3": -0.8314418713420707,
        "1,0,0,4": -0.8529909648185602,
        "1,0,0,5": -0.8728563525306907,
        "1,0,0,6": -0.8875500511357324,
        "1,0,0,7": -0.8915739412592797,
        "1,0,0,8": -0.893207970159386,
        "1,0,0,9": -0.8963680265727209,
        "1,0,0,10": -0.8280380382103036,
        "1,0,0,11": -1.2308084384994655,
        "1,0,1,0": 3.7771462434678518,
        "1,0,1,1": -0.09462006947922734,
        "1,0,1,2": -0.4175954092832747,
        "1,0,1,3": 0.4098034413237793,
        "1,0,1,4": 0.9113336723428752,
        "1,0,1,5": 0.9100923279213914,
        "1,0,1,6": 0.8268982253283571,
        "1,0,1,7": -0.2839132130338288,
        "1,0,1,8": -1.2910701349475575,
        "1,0,1,9": 0.334067133880588,
        "1,0,1,10": 6.337242392051242,
        "1,0,1,11": -0.32974766489156754
    },
    "knots_dict": {
        "0,0,0,0": -2.912817501620673,
        "0,0,0,1": -2.5249772399368227,
        "0,0,0,2": -2.1371369782529723,
        "0,0,0,3": -1.7492967165691218,
        "0,0,0,4": -1.3614564548852712,
        "0,0,0,5": -0.9736161932014209,
        "0,0,0,6": -0.5857759315175703,
        "0,0,0,7": -0.19793566983372002,
        "0,0,0,8": 0.18990459185013076,
        "0,0,0,9": 0.5777448535339811,
        "0,0,0,10": 0.9655851152178314,
        "0,0,0,11": 1.3534253769016817,
        "0,0,0,12": 1.7412656385855325,
        "0,0,0,13": 2.129105900269383,
        "0,0,0,14": 2.5169461619532334,
        "0,0,0,15": 2.9047864236370837,
        "0,0,1,0": -2.9168375440147045,
        "0,0,1,1": -2.53247030759877,
        "0,0,1,2": -2.1481030711828355,
        "0,0,1,3": -1.7637358347669008,
        "0,0,1,4": -1.3793685983509663,
        "0,0,1,5": -0.9950013619350316,
        "0,0,1,6": -0.610634125519097,
        "0,0,1,7": -0.2262668891031625,
        "0,0,1,8": 0.15810034731277245,
        "0,0,1,9": 0.5424675837287067,
        "0,0,1,10": 0.9268348201446412,
        "0,0,1,11": 1.3112020565605758,
        "0,0,1,12": 1.6955692929765107,
        "0,0,1,13": 2.0799365293924454,
        "0,0,1,14": 2.46430376580838,
        "0,0,1,15": 2.8486710022243145,
        "0,0,2,0": -2.884131782132461,
        "0,0,2,1": -2.498724551959622,
        "0,0,2,2": -2.1133173217867833,
        "0,0,2,3": -1.7279100916139447,
        "0,0,2,4": -1.342502861441106,
        "0,0,2,5": -0.9570956312682676,
        "0,0,2,6": -0.5716884010954291,
        "0,0,2,7": -0.18628117092259044,
        "0,0,2,8": 0.1991260592502484,
        "0,0,2,9": 0.5845332894230866,
        "0,0,2,10": 0.969940519595925,
        "0,0,2,11": 1.3553477497687638,
        "0,0,2,12": 1.7407549799416027,
        "0,0,2,13": 2.1261622101144413,
        "0,0,2,14": 2.51156944028728,
        "0,0,2,15": 2.896976670460119,
        "0,0,3,0": -2.8979220293867445,