{
    "width": [
        5,
        2,
        1
    ],
    "depth": 3,
    "degree": 3,
    "coefs_size": 9,
    "knots_size": 13,
    "num_inputs_dict": {
        "0": 5,
        "1": 2
    },
    "num_outputs_dict": {
        "0": 2,
        "1": 1
    },
    "coefs_dict": {
        "0,0,0,0": -0.7148647043318468,
        "0,0,0,1": 0.29913233307738346,
        "0,0,0,2": 0.957665248451864,
        "0,0,0,3": 0.8744540075009,
        "0,0,0,4": 1.720494596103129,
        "0,0,0,5": 0.9081090588470329,
        "0,0,0,6": -1.5085344909193164,
        "0,0,0,7": -1.8664538814320342,
        "0,0,0,8": -0.7513074094441469,
        "0,0,1,0": 2.864459544856231,
        "0,0,1,1": 2.0640645314802817,
        "0,0,1,2": 1.4594769785863897,
        "0,0,1,3": 1.445593668243373,
        "0,0,1,4": 1.4479408984510673,
        "0,0,1,5": 1.4847940107580648,
        "0,0,1,6": 1.545715003602021,
        "0,0,1,7": 2.360241187525232,
        "0,0,1,8": 2.3833200752960755,
        "0,0,2,0": 5.332540222200739,
        "0,0,2,1": -0.16467931593667448,
        "0,0,2,2": -1.7135019793837518,
        "0,0,2,3": -2.018465017880177,
        "0,0,2,4": -2.621762973172267,
        "0,0,2,5": -2.680660345404127,
        "0,0,2,6": -2.0449485874570965,
        "0,0,2,7": -1.2217200241638535,
        "0,0,2,8": -0.09591398420560136,
        "0,0,3,0": -1.9401797353056744,
        "0,0,3,1": -0.4078141342138824,
        "0,0,3,2": 0.1728040539755839,
        "0,0,3,3": 1.0340293031637167,
        "0,0,3,4": 1.5036835644291289,
        "0,0,3,5": 0.4121369779761625,
        "0,0,3,6": -0.6288123795350932,
        "0,0,3,7": -1.2092154804538933,
        "0,0,3,8": -2.0157588485500906,
        "0,0,4,0": 1.6105419001243646,
        "0,0,4,1": -0.15588821215429116,
        "0,0,4,2": -0.26570030665856115,
        "0,0,4,3": -0.08175998497098973,
        "0,0,4,4": -0.0443149627726047,
        "0,0,4,5": 0.22685401507647152,
        "0,0,4,6": 0.606847880486637,
        "0,0,4,7": 1.1911503626203446,
        "0,0,4,8": -0.32705973178810144,
        "0,1,0,0": 0.727503064926735,
        "0,1,0,1": -0.18582275785761007,
        "0,1,0,2": -0.6078723173931301,
        "0,1,0,3": -0.682664536685498,
        "0,1,0,4": -0.6200198963604754,
        "0,1,0,5": -0.49587994425027904,
        "0,1,0,6": -0.22441299343869667,
        "0,1,0,7": 0.3251119200393231,
        "0,1,0,8": 1.5634577685339783,
        "0,1,1,0": 4.247860190567437,
        "0,1,1,1": -2.393725014802322,
        "0,1,1,2": -1.6584528147228728,
        "0,1,1,3": 0.5013057135624113,
        "0,1,1,4": 0.7829321177994114,
        "0,1,1,5": 0.8281117323347328,
        "0,1,1,6": -3.0875396905535815,
        "0,1,1,7": -1.1420587199884134,
        "0,1,1,8": -1.9325749102374028,
        "0,1,2,0": 1.729031236085416,
        "0,1,2,1": 1.354733593398217,
        "0,1,2,2": 0.8458133004729066,
        "0,1,2,3": 0.3981945644874703,
        "0,1,2,4": 0.13218077206663328,
        "0,1,2,5": -0.49465078160709164,
        "0,1,2,6": -1.155777015560144,
        "0,1,2,7": -1.4540239940174666,
        "0,1,2,8": 0.5842062120449953,
        "0,1,3,0": 0.7628188689570246,
        "0,1,3,1": 0.035570049517574566,
        "0,1,3,2": -0.419741463019563,
        "0,1,3,3": -0.554559334369746,
        "0,1,3,4": -0.5733888749637297,
        "0,1,3,5": -0.43775704888211436,
        "0,1,3,6": -0.1176451138477102,
        "0,1,3,7": 0.5413277934380275,
        "0,1,3,8": 1.677980932401543,
        "0,1,4,0": 2.3431890660930925,
        "0,1,4,1": 0.3413813196780556,
        "0,1,4,2": 0.07720840498098973,
        "0,1,4,3": -0.5958702221196748,
        "0,1,4,4": -0.811626671242366,
        "0,1,4,5": -0.991437207711504,
        "0,1,4,6": -1.026831238801644,
        "0,1,4,7": -0.7400893721423961,
        "0,1,4,8": 0.1100818605880133,
        "1,0,0,0": 6.325636063832483,
        "1,0,0,1": -1.0639746319580956,
        "1,0,0,2": -1.14437630489918,
        "1,0,0,3": -1.1971794855472275,
        "1,0,0,4": -1.216648272653428,
        "1,0,0,5": -1.2216823429941077,
        "1,0,0,6": -1.2158997613043465,
        "1,0,0,7": -1.1319255855148873,
        "1,0,0,8": -1.4450975509207693,
        "1,0,1,0": 13.321132440240497,
        "1,0,1,1": -1.1941632420152126,
        "1,0,1,2": -0.7048743461562378,
        "1,0,1,3": 1.0044540277699312,
        "1,0,1,4": 0.3650084173196987,
        "1,0,1,5": 0.4202803703685395,
        "1,0,1,6": -0.4476956878846894,
        "1,0,1,7": 4.4959270339508794,
        "1,0,1,8": 20.942566358698173
    },
    "knots_dict": {
        "0,0,0,0": -3.494577894146449,
        "0,0,0,1": -2.9128175016206734,
        "0,0,0,2": -2.3310571090948975,
        "0,0,0,3": -1.7492967165691218,
        "0,0,0,4": -1.167536324043346,
        "0,0,0,5": -0.5857759315175703,
        "0,0,0,6": -0.004015538991794632,
        "0,0,0,7": 0.5777448535339811,
        "0,0,0,8": 1.1595052460597566,
        "0,0,0,9": 1.7412656385855325,
        "0,0,0,10": 2.3230260311113082,
        "0,0,0,11": 2.904786423637084,
        "0,0,0,12": 3.4865468161628597,
        "0,0,1,0": -3.4933883986386065,
        "0,0,1,1": -2.9168375440147045,
        "0,0,1,2": -2.3402866893908025,
        "0,0,1,3": -1.7637358347669008,
        "0,0,1,4": -1.187184980142999,
        "0,0,1,5": -0.610634125519097,
        "0,0,1,6": -0.03408327089519503,
        "0,0,1,7": 0.5424675837287067,
        "0,0,1,8": 1.1190184383526087,
        "0,0,1,9": 1.6955692929765107,
        "0,0,1,10": 2.2721201476004125,
        "0,0,1,11": 2.8486710022243145,
        "0,0,1,12": 3.4252218568482165,
        "0,0,2,0": -3.4622426273917184,
        "0,0,2,1": -2.8841317821324606,
        "0,0,2,2": -2.3060209368732028,
        "0,0,2,3": -1.7279100916139447,
        "0,0,2,4": -1.1497992463546869,
        "0,0,2,5": -0.5716884010954291,
        "0,0,2,6": 0.0064224441638289775,
        "0,0,2,7": 0.5845332894230866,
        "0,0,2,8": 1.1626441346823444,
        "0,0,2,9": 1.7407549799416027,
        "0,0,2,10": 2.3188658252008607,
        "0,0,2,11": 2.8969766704601185,
        "0,0,2,12": 3.4750875157193764,
        "0,0,3,0": -3.4778852110870773,
        "0,0,3,1": -2.8979220293867445,
        "0,0,3,2": -2.3179588476864117,
        "0,0,3,3": -1.7379956659860787,
        "0,0,3,4": -1.158032484285746,
        "0,0,3,5": -0.5780693025854131,
        "0,0,3,6": 0.001893879114919672,
        "0,0,3,7": 0.5818570608152525,
        "0,0,3,8": 1.1618202425155848,
        "0,0,3,9": 1.741783424215918,
        "0,0,3,10": 2.3217466059162506,
        "0,0,3,11": 2.9017097876165834,
        "0,0,3,12": 3.481672969316916,
        "0,0,4,0": -3.463397684894318,
        "0,0,4,1": -2.8866897021908273,
        "0,0,4,2": -2.3099817194873364,
        "0,0,4,3": -1.7332737367838456,
        "0,0,4,4": -1.1565657540803547,
        "0,0,4,5": -0.5798577713768638,
        "0,0,4,6": -0.0031497886733728997,
        "0,0,4,7": 0.573558194030118,
        "0,0,4,8": 1.1502661767336084,
        "0,0,4,9": 1.7269741594370998,
        "0,0,4,10": 2.3036821421405906,
        "0,0,4,11": 2.8803901248440815,
        "0,0,4,12": 3.4570981075475724,
        "0,1,0,0": -3.494577894146449,
        "0,1,0,1": -2.9128175016206734,
        "0,1,0,2": -2.3310571090948975,
        "0,1,0,3": -1.7492967165691218,
        "0,1,0,4": -1.167536324043346,
        "0,1,0,5": -0.5857759315175703,
        "0,1,0,6": -0.004015538991794632,
        "0,1,0,7": 0.5777448535339811,
        "0,1,0,8": 1.1595052460597566,
        "0,1,0,9": 1.7412656385855325,
        "0,1,0,10": 2.3230260311113082,
        "0,1,0,11": 2.904786423637084,
        "0,1,0,12": 3.4865468161628597,
        "0,1,1,0": -3.4933883986386065,
        "0,1,1,1": -2.9168375440147045,
        "0,1,1,2": -2.3402866893908025,
        "0,1,1,3": -1.7637358347669008,
        "0,1,1,4": -1.187184980142999,
        "0,1,1,5": -0.610634125519097,
        "0,1,1,6": -0.03408327089519503,
        "0,1,1,7": 0.5424675837287067,