{
    "f*": -3.724299989059872,
    "x1": -1.5318873197052476,
    "x2": 0.33938050863430713
}