{
    "width": [
        2,
        2,
        1
    ],
    "depth": 3,
    "degree": 3,
    "coefs_size": 15,
    "knots_size": 19,
    "num_inputs_dict": {
        "0": 2,
        "1": 2
    },
    "num_outputs_dict": {
        "0": 2,
        "1": 1
    },
    "coefs_dict": {
        "0,0,0,0": 0.9034543578645654,
        "0,0,0,1": 1.0561505492876992,
        "0,0,0,2": 1.121686973883539,
        "0,0,0,3": 1.136292676210804,
        "0,0,0,4": 1.0538501818702222,
        "0,0,0,5": 0.8917270325237611,
        "0,0,0,6": 0.7031325088138228,
        "0,0,0,7": 1.024070208248386,
        "0,0,0,8": 0.3094156768321712,
        "0,0,0,9": 3.134389804835161,
        "0,0,0,10": 3.650756380259093,
        "0,0,0,11": 2.40227978774134,
        "0,0,0,12": 2.718625167398992,
        "0,0,0,13": 0.6990524893915785,
        "0,0,0,14": -0.6922692538272486,
        "0,0,1,0": -0.13122086096255542,
        "0,0,1,1": 1.368288071975005,
        "0,0,1,2": 1.2602730743540422,
        "0,0,1,3": 1.3526354945264083,
        "0,0,1,4": 1.1104934943374425,
        "0,0,1,5": 0.415473133557956,
        "0,0,1,6": 0.0633603239520895,
        "0,0,1,7": -1.3170082787271438,
        "0,0,1,8": 2.577370713183137,
        "0,0,1,9": -0.26997674111526765,
        "0,0,1,10": 2.555972564158526,
        "0,0,1,11": 3.602150739511378,
        "0,0,1,12": 1.5192385539607545,
        "0,0,1,13": -0.3317503900007345,
        "0,0,1,14": -0.8323905968507809,
        "0,1,0,0": 0.755983957881891,
        "0,1,0,1": 0.6961008331877901,
        "0,1,0,2": 0.771941966290591,
        "0,1,0,3": 0.754151671572955,
        "0,1,0,4": 0.827112605979122,
        "0,1,0,5": 0.7927802157175711,
        "0,1,0,6": 0.6579265310554602,
        "0,1,0,7": 0.4282655902486556,
        "0,1,0,8": 0.10559471130757019,
        "0,1,0,9": -0.28681360505336034,
        "0,1,0,10": -0.757340988400489,
        "0,1,0,11": -1.2938359827210846,
        "0,1,0,12": -1.8860444215163814,
        "0,1,0,13": -2.4214309161189904,
        "0,1,0,14": -3.7428257459963916,
        "0,1,1,0": 1.8978221463782106,
        "0,1,1,1": -5.147850037231295,
        "0,1,1,2": -1.9093773715641558,
        "0,1,1,3": 0.6105927710742622,
        "0,1,1,4": -0.9424285187094213,
        "0,1,1,5": 2.5827360630170046,
        "0,1,1,6": 2.430685232890953,
        "0,1,1,7": 2.397716705936709,
        "0,1,1,8": 1.2172697371085524,
        "0,1,1,9": 1.855247870012683,
        "0,1,1,10": 1.8574414695650623,
        "0,1,1,11": 1.4651670519146887,
        "0,1,1,12": 0.7190865948835463,
        "0,1,1,13": -0.7066372202654154,
        "0,1,1,14": -2.4159831050242833,
        "1,0,0,0": 0.5359973002065769,
        "1,0,0,1": -0.7883207730165412,
        "1,0,0,2": -0.6703951608853032,
        "1,0,0,3": -0.8022980368574237,
        "1,0,0,4": -0.8070824982503996,
        "1,0,0,5": -0.8553236632974437,
        "1,0,0,6": -0.9283345739022344,
        "1,0,0,7": -1.007459503365825,
        "1,0,0,8": -1.1433579504422466,
        "1,0,0,9": -1.1967024094926888,
        "1,0,0,10": -1.3318475719391982,
        "1,0,0,11": -1.3903534958568493,
        "1,0,0,12": -1.4368318519118621,
        "1,0,0,13": -1.3589057213186364,
        "1,0,0,14": -1.3831268002833539,
        "1,0,1,0": 0.026237981137437454,
        "1,0,1,1": -0.16029509364101038,
        "1,0,1,2": -0.11680477595972004,
        "1,0,1,3": -0.11948299251612665,
        "1,0,1,4": -0.13844152338072427,
        "1,0,1,5": -0.09435245365795862,
        "1,0,1,6": -0.20145140617434498,
        "1,0,1,7": -0.025302203088081954,
        "1,0,1,8": -0.19825902080727295,
        "1,0,1,9": -0.08570813462343053,
        "1,0,1,10": -0.22732705492248492,
        "1,0,1,11": -0.11496411259267589,
        "1,0,1,12": -0.06773776178775295,
        "1,0,1,13": 0.10956161823556965,
        "1,0,1,14": 2.0136000448489773
    },
    "knots_dict": {
        "0,0,0,0": -2.674972766172442,
        "0,0,0,1": -2.380176053249851,
        "0,0,0,2": -2.08537934032726,
        "0,0,0,3": -1.7905826274046688,
        "0,0,0,4": -1.4957859144820775,
        "0,0,0,5": -1.2009892015594863,
        "0,0,0,6": -0.9061924886368952,
        "0,0,0,7": -0.611395775714304,
        "0,0,0,8": -0.3165990627917128,
        "0,0,0,9": -0.02180234986912155,
        "0,0,0,10": 0.27299436305346925,
        "0,0,0,11": 0.5677910759760607,
        "0,0,0,12": 0.8625877888986522,
        "0,0,0,13": 1.1573845018212432,
        "0,0,0,14": 1.4521812147438342,
        "0,0,0,15": 1.7469779276664257,
        "0,0,0,16": 2.0417746405890167,
        "0,0,0,17": 2.3365713535116077,
        "0,0,0,18": 2.6313680664341987,
        "0,0,1,0": -2.5733052664433806,
        "0,0,1,1": -2.2818654812893784,
        "0,0,1,2": -1.9904256961353761,
        "0,0,1,3": -1.6989859109813739,
        "0,0,1,4": -1.4075461258273716,
        "0,0,1,5": -1.1161063406733696,
        "0,0,1,6": -0.8246665555193674,
        "0,0,1,7": -0.5332267703653653,
        "0,0,1,8": -0.24178698521136321,
        "0,0,1,9": 0.04965279994263905,
        "0,0,1,10": 0.3410925850966411,
        "0,0,1,11": 0.6325323702506433,
        "0,0,1,12": 0.9239721554046456,
        "0,0,1,13": 1.2154119405586474,
        "0,0,1,14": 1.5068517257126497,
        "0,0,1,15": 1.798291510866652,
        "0,0,1,16": 2.089731296020654,
        "0,0,1,17": 2.3811710811746565,
        "0,0,1,18": 2.6726108663286587,
        "0,1,0,0": -2.674972766172442,
        "0,1,0,1": -2.380176053249851,
        "0,1,0,2": -2.08537934032726,
        "0,1,0,3": -1.7905826274046688,
        "0,1,0,4": -1.4957859144820775,
        "0,1,0,5": -1.2009892015594863,
        "0,1,0,6": -0.9061924886368952,
        "0,1,0,7": -0.611395775714304,
        "0,1,0,8": -0.3165990627917128,
        "0,1,0,9": -0.02180234986912155,
        "0,1,0,10": 0.27299436305346925,
        "0,1,0,11": 0.5677910759760607,
        "0,1,0,12": 0.8625877888986522,
        "0,1,0,13": 1.1573845018212432,
        "0,1,0,14": 1.4521812147438342,
        "0,1,0,15": 1.7469779276664257,
        "0,1,0,16": 2.0417746405890167,
        "0,1,0,17": 2.3365713535116077,
        "0,1,0,18": 2.6313680664341987,
        "0,1,1,0": -2.5733052664433806,
        "0,1,1,1": -2.2818654812893784,
        "0,1,1,2": -1.9904256961353761,
        "0,1,1,3": -1.6989859109813739,
        "0,1,1,4": -1.4075461258273716,
        "0,1,1,5": -1.1161063406733696,
        "0,1,1,6": -0.8246665555193674,
        "0,1,1,7": -0.5332267703653653,
        "0,1,1,8": -0.24178698521136321,
        "0,1,1,9": 0.04965279994263905,
        "0,1,1,10": 0.3410925850966411,
        "0,1,1,11": 0.6325323702506433,
        "0,1,1,12": 0.9239721554046456,
        "0,1,1,13": 1.2154119405586474,
        "0,1,1,14": 1.5068517257126497,
        "0,1,1,15": 1.798291510866652,
        "0,1,1,16": 2.089731296020654,
        "0,1,1,17": 2.3811710811746565,
        "0,1,1,18": 2.6726108663286587,
        "1,0,0,0": 0.4975540721155195,
        "1,0,0,1": 1.1115961701781467,
        "1,0,0,2": 1.725638268240774,
        "1,0,0,3": 2.3396803663034014,
        "1,0,0,4": 2.9537224643660283,
        "1,0,0,5": 3.5677645624286556,
        "1,0,0,6": 4.181806660491283,
        "1,0,0,7": 4.79584875855391,
        "1,0,0,8": 5.409890856616537,
        "1,0,0,9": 6.0239329546791645,
        "1,0,0,10": 6.637975052741791,
        "1,0,0,11": 7.252017150804418,
        "1,0,0,12": 7.866059248867046,
        "1,0,0,13": 8.480101346929672,
        "1,0,0,14": 9.0941434449923,
        "1,0,0,15": 9.708185543054928,
        "1,0,0,16": 10.322227641117555,
        "1,0,0,17": 10.936269739180183,
        "1,0,0,18": 11.55031183724281,
        "1,0,1,0": -3.4397497873060896,
        "1,0,1,1": -3.29959745246595,
        "1,0,1,2": -3.1594451176258103,
        "1,0,1,3": -3.0192927827856706,
        "1,0,1,4": -2.879140447945531,
        "1,0,1,5": -2.7389881131053913,
        "1,0,1,6": -2.5988357782652516,
        "1,0,1,7": -2.4586834434251124,