{
    "width": [
        2,
        2,
        1
    ],
    "depth": 3,
    "degree": 3,
    "coefs_size": 9,
    "knots_size": 13,
    "num_inputs_dict": {
        "0": 2,
        "1": 2
    },
    "num_outputs_dict": {
        "0": 2,
        "1": 1
    },
    "coefs_dict": {
        "0,0,0,0": 1.5505659814263855,
        "0,0,0,1": 2.521105994814557,
        "0,0,0,2": 2.584197256120887,
        "0,0,0,3": 2.0687944627871966,
        "0,0,0,4": 2.0195134204214207,
        "0,0,0,5": 2.6272617379357137,
        "0,0,0,6": 4.975096013875355,
        "0,0,0,7": -1.1390223887038913,
        "0,0,0,8": 7.871149486938908,
        "0,0,1,0": 1.714699496791404,
        "0,0,1,1": 1.6037043843096102,
        "0,0,1,2": 1.7801882732501995,
        "0,0,1,3": 1.3234364466744,
        "0,0,1,4": 1.102994005149152,
        "0,0,1,5": 2.532419002752703,
        "0,0,1,6": 4.123676688559801,
        "0,0,1,7": 3.3848118358755426,
        "0,0,1,8": 2.809881378472212,
        "0,1,0,0": 1.3452601431949034,
        "0,1,0,1": -4.1815660925815665,
        "0,1,0,2": -3.106612973383284,
        "0,1,0,3": -1.4601753149444594,
        "0,1,0,4": -1.8231876348908869,
        "0,1,0,5": -2.3668374932534597,
        "0,1,0,6": -3.2083407439113216,
        "0,1,0,7": -4.380005389020971,
        "0,1,0,8": -4.615541498985518,
        "0,1,1,0": -4.821374246387227,
        "0,1,1,1": -4.22655567920362,
        "0,1,1,2": -1.9821058225550054,
        "0,1,1,3": 2.542214861744314,
        "0,1,1,4": 1.5412366978119831,
        "0,1,1,5": 0.5742141097143338,
        "0,1,1,6": 0.3617899858135864,
        "0,1,1,7": -3.0054967718459773,
        "0,1,1,8": -0.5872484340905338,
        "1,0,0,0": 5.164494952724131,
        "1,0,0,1": -0.35853862525800295,
        "1,0,0,2": -0.31043131835465937,
        "1,0,0,3": -0.21164003377299012,
        "1,0,0,4": -0.14603056110475823,
        "1,0,0,5": -0.1455053953695557,
        "1,0,0,6": -0.18028998883342942,
        "1,0,0,7": -0.11855878135654427,
        "1,0,0,8": -0.08753959519321175,
        "1,0,1,0": -0.07966746232517602,
        "1,0,1,1": -0.08542302840260362,
        "1,0,1,2": -0.07532055140724983,
        "1,0,1,3": -0.1254607092211092,
        "1,0,1,4": -0.10458153983425639,
        "1,0,1,5": -0.18531122528606106,
        "1,0,1,6": -0.14153158041237238,
        "1,0,1,7": -0.016660707643254957,
        "1,0,1,8": 4.0372099862179756
    },
    "knots_dict": {
        "0,0,0,0": -3.5593629049402162,
        "0,0,0,1": -2.9697694790950337,
        "0,0,0,2": -2.3801760532498513,
        "0,0,0,3": -1.7905826274046688,
        "0,0,0,4": -1.2009892015594863,
        "0,0,0,5": -0.611395775714304,
        "0,0,0,6": -0.02180234986912155,
        "0,0,0,7": 0.5677910759760607,
        "0,0,0,8": 1.1573845018212432,
        "0,0,0,9": 1.7469779276664257,
        "0,0,0,10": 2.336571353511608,
        "0,0,0,11": 2.9261647793567906,
        "0,0,0,12": 3.515758205201973,
        "0,0,1,0": -3.447624621905387,
        "0,0,1,1": -2.8647450515973825,
        "0,0,1,2": -2.281865481289378,
        "0,0,1,3": -1.6989859109813739,
        "0,0,1,4": -1.1161063406733696,
        "0,0,1,5": -0.5332267703653653,
        "0,0,1,6": 0.04965279994263905,
        "0,0,1,7": 0.6325323702506433,
        "0,0,1,8": 1.2154119405586474,
        "0,0,1,9": 1.798291510866652,
        "0,0,1,10": 2.3811710811746565,
        "0,0,1,11": 2.964050651482661,
        "0,0,1,12": 3.5469302217906655,
        "0,1,0,0": -3.5593629049402162,
        "0,1,0,1": -2.9697694790950337,
        "0,1,0,2": -2.3801760532498513,
        "0,1,0,3": -1.7905826274046688,
        "0,1,0,4": -1.2009892015594863,
        "0,1,0,5": -0.611395775714304,
        "0,1,0,6": -0.02180234986912155,
        "0,1,0,7": 0.5677910759760607,
        "0,1,0,8": 1.1573845018212432,
        "0,1,0,9": 1.7469779276664257,
        "0,1,0,10": 2.336571353511608,
        "0,1,0,11": 2.9261647793567906,
        "0,1,0,12": 3.515758205201973,
        "0,1,1,0": -3.447624621905387,
        "0,1,1,1": -2.8647450515973825,
        "0,1,1,2": -2.281865481289378,
        "0,1,1,3": -1.6989859109813739,
        "0,1,1,4": -1.1161063406733696,
        "0,1,1,5": -0.5332267703653653,
        "0,1,1,6": 0.04965279994263905,
        "0,1,1,7": 0.6325323702506433,
        "0,1,1,8": 1.2154119405586474,
        "0,1,1,9": 1.798291510866652,
        "0,1,1,10": 2.3811710811746565,
        "0,1,1,11": 2.964050651482661,
        "0,1,1,12": 3.5469302217906655,
        "1,0,0,0": -2.027446493973792,
        "1,0,0,1": 2.6225584970735305,
        "1,0,0,2": 7.272563488120853,
        "1,0,0,3": 11.922568479168175,
        "1,0,0,4": 16.5725734702155,
        "1,0,0,5": 21.22257846126282,
        "1,0,0,6": 25.872583452310145,
        "1,0,0,7": 30.52258844335747,
        "1,0,0,8": 35.17259343440479,
        "1,0,0,9": 39.822598425452114,
        "1,0,0,10": 44.47260341649944,
        "1,0,0,11": 49.122608407546764,
        "1,0,0,12": 53.77261339859409,
        "1,0,1,0": -51.42062627493329,
        "1,0,1,1": -47.257409768657844,
        "1,0,1,2": -43.0941932623824,
        "1,0,1,3": -38.93097675610695,
        "1,0,1,4": -34.767760249831504,
        "1,0,1,5": -30.604543743556054,
        "1,0,1,6": -26.441327237280603,
        "1,0,1,7": -22.278110731005157,
        "1,0,1,8": -18.11489422472971,
        "1,0,1,9": -13.95167771845426,
        "1,0,1,10": -9.788461212178811,
        "1,0,1,11": -5.625244705903363,
        "1,0,1,12": -1.4620281996279143
    },
    "scale_sp_dict": {
        "0,0,0": 2.3298386427800444,
        "0,0,1": 3.038956656712176,
        "0,1,0": 6.556110422093488,
        "0,1,1": 1.8687157519070325,
        "1,0,0": 16.916618560277982,
        "1,0,1": 17.05199258668094
    },
    "scale_base_dict": {
        "0,0,0": 6.367725394602616,
        "0,0,1": 6.644827511850523,
        "0,1,0": 8.96885139818324,
        "0,1,1": 3.8520037731978323,
        "1,0,0": -0.07414074059024672,
        "1,0,1": 2.4163191149625423
    },
    "biases_dict": {
        "0,0": 7.516307563942188,
        "0,1": -6.950525550517996,
        "1,0": 7.025034285597262
    },
    "input_lb_dict": {
        "0,0,0": -1.7905826274046688,
        "0,0,1": -1.6989859109813739,
        "0,1,0": -1.7905826274046688,
        "0,1,1": -1.6989859109813739,
        "1,0,0": 11.922568479168175,
        "1,0,1": -38.93097675610695
    },
    "input_ub_dict": {
        "0,0,0": 1.7469779276664257,
        "0,0,1": 1.798291510866652,
        "0,1,0": 1.7469779276664257,
        "0,1,1": 1.798291510866652,
        "1,0,0": 39.822598425452114,
        "1,0,1": -13.95167771845426
    },
    "output_lb_dict": {
        "0,0,0": 3.6265550728419536,
        "0,0,1": 2.82979260535895,
        "0,1,0": -25.438037158666223,
        "0,1,1": -8.352823421177208,
        "1,0,0": -6.412517745548109,
        "1,0,1": -2.829794187726586
    },
    "output_ub_dict": {
        "0,0,0": 13.927240796141266,
        "0,0,1": 20.58392444505525,
        "0,1,0": -12.16846719513694,
        "0,1,1": 3.4324088167949878,
        "1,0,0": -4.008966872951591,
        "1,0,1": 1.03171372560528
    },
    "layer_output_lb_dict": {
        "0,0": 13.972655242143091,
        "0,1": -40.74138613036143,
        "1,0": -2.2172776476774336
    },
    "layer_output_ub_dict": {
        "0,0": 42.0274728051387,
        "0,1": -15.686583928859948,
        "1,0": 4.047781138250951
    },
    "silu_output_ub_dict": {
        "0,0,0": 1.4876761334934623,
        "0,0,1": 1.542827719614488,
        "0,1,0": 1.4876761334934623,
        "0,1,1": 1.542827719614488,
        "1,0,0": 39.822598425452114,
        "1,0,1": -1.2175573035177948e-05
    },
    "mean_input_dict": {
        "0": 0.035801338818143194,
        "1": -0.08926378890298807
    },
    "std_input_dict": {
        "0": 1.7027993424323016,
        "1": 1.7219754131004454
    },
    "mean_output_dict": {
        "0": 0.3641824770782581
    },