{
    "width": [
        2,
        2,
        1
    ],
    "depth": 3,
    "degree": 3,
    "coefs_size": 21,
    "knots_size": 25,
    "num_inputs_dict": {
        "0": 2,
        "1": 2
    },
    "num_outputs_dict": {
        "0": 2,
        "1": 1
    },
    "coefs_dict": {
        "0,0,0,0": 5.7539468495760495,
        "0,0,0,1": 0.400371308035349,
        "0,0,0,2": 1.870484506341608,
        "0,0,0,3": 0.6938960665664,
        "0,0,0,4": 0.7951911358411127,
        "0,0,0,5": 0.7278329714933788,
        "0,0,0,6": 0.7014502059639028,
        "0,0,0,7": 0.6445252305958235,
        "0,0,0,8": 0.6456192239698832,
        "0,0,0,9": 0.5276895365946204,
        "0,0,0,10": 0.8983694675065514,
        "0,0,0,11": 0.7309814902198576,
        "0,0,0,12": 0.731334360401736,
        "0,0,0,13": 0.6256031567512607,
        "0,0,0,14": 0.8590398946330927,
        "0,0,0,15": 1.6777995779528623,
        "0,0,0,16": 1.7210909783614665,
        "0,0,0,17": 1.3909939411920167,
        "0,0,0,18": 1.5925615211031203,
        "0,0,0,19": 1.0669400585772768,
        "0,0,0,20": 2.4235279992925127,
        "0,0,1,0": -0.13633987925813235,
        "0,0,1,1": 1.63737895667764,
        "0,0,1,2": 2.140266902471911,
        "0,0,1,3": 0.9935882326249751,
        "0,0,1,4": 0.07167745546584371,
        "0,0,1,5": 0.1844890668908715,
        "0,0,1,6": -0.3056217866653211,
        "0,0,1,7": -0.9964199418478716,
        "0,0,1,8": -0.49412059993078533,
        "0,0,1,9": 0.9726209233345585,
        "0,0,1,10": 3.0551430362850454,
        "0,0,1,11": 2.0530998677013907,
        "0,0,1,12": 0.42679051812348257,
        "0,0,1,13": 5.265122620997037,
        "0,0,1,14": 4.755961333560968,
        "0,0,1,15": 1.8556411294756465,
        "0,0,1,16": 2.4741115181941855,
        "0,0,1,17": -0.6328573328826674,
        "0,0,1,18": -0.3365430989391013,
        "0,0,1,19": -1.1914017230261622,
        "0,0,1,20": 0.13120756556461977,
        "0,1,0,0": -0.6779924937477925,
        "0,1,0,1": 1.1601157562488196,
        "0,1,0,2": 0.8706969064790203,
        "0,1,0,3": 0.8767800681846979,
        "0,1,0,4": 1.0183662400038436,
        "0,1,0,5": 0.9670851124704302,
        "0,1,0,6": 0.9556512512804535,
        "0,1,0,7": 0.8804777224235965,
        "0,1,0,8": 0.829833188416338,
        "0,1,0,9": 0.6578487816564261,
        "0,1,0,10": 0.47360742014587426,
        "0,1,0,11": 0.07843522567407797,
        "0,1,0,12": 0.7547932894933468,
        "0,1,0,13": 0.3234524685628879,
        "0,1,0,14": -0.027172769221415583,
        "0,1,0,15": -0.4252631511782037,
        "0,1,0,16": -0.9766444954530803,
        "0,1,0,17": -1.471382104426825,
        "0,1,0,18": -2.003528876317416,
        "0,1,0,19": -2.468414264348491,
        "0,1,0,20": -3.253844314828882,
        "0,1,1,0": 0.4284938537311022,
        "0,1,1,1": -1.1527565190729423,
        "0,1,1,2": -0.7121585666536255,
        "0,1,1,3": -0.88771120971718,
        "0,1,1,4": -0.6689265127542896,
        "0,1,1,5": -0.5924023858047617,
        "0,1,1,6": -0.8115161380454791,
        "0,1,1,7": 0.13193638081091924,
        "0,1,1,8": 0.17279626497223607,
        "0,1,1,9": 0.32324927963832506,
        "0,1,1,10": 0.2203337452638919,
        "0,1,1,11": 0.3153176320647096,
        "0,1,1,12": 0.36960837457983864,
        "0,1,1,13": 0.46983531122280764,
        "0,1,1,14": 0.7746485889304878,
        "0,1,1,15": 0.8450952692777491,
        "0,1,1,16": 1.0214139429793048,
        "0,1,1,17": 0.9442270736214985,
        "0,1,1,18": 1.004454561555422,
        "0,1,1,19": 1.2931257912145897,
        "0,1,1,20": -2.8736784869511265,
        "1,0,0,0": 0.6581067675468157,
        "1,0,0,1": 0.6590462868595967,
        "1,0,0,2": -0.3933518625733524,
        "1,0,0,3": -0.16862321344071338,
        "1,0,0,4": -0.43846423194075845,
        "1,0,0,5": -0.14672622290662055,
        "1,0,0,6": -0.25365335748382123,
        "1,0,0,7": -0.0895472377817207,
        "1,0,0,8": -0.18147348100320312,
        "1,0,0,9": 0.04267399302797524,
        "1,0,0,10": -0.17189909247217489,
        "1,0,0,11": -0.03864947233124983,
        "1,0,0,12": -0.09325941799532843,
        "1,0,0,13": -0.08647656495432837,
        "1,0,0,14": -0.03574803297697777,
        "1,0,0,15": -0.043726137356727965,
        "1,0,0,16": -0.05208890526388427,
        "1,0,0,17": -0.025117370134020447,
        "1,0,0,18": 0.006062175611234504,
        "1,0,0,19": 0.008731322612754595,
        "1,0,0,20": 0.79273734786074,
        "1,0,1,0": 0.49166159800361836,
        "1,0,1,1": 0.14026741349667335,
        "1,0,1,2": 0.1418435425962481,
        "1,0,1,3": 0.2134680038014229,
        "1,0,1,4": -0.3030530516751479,
        "1,0,1,5": 0.22490450737911122,
        "1,0,1,6": 0.07761359906223063,
        "1,0,1,7": 0.11771195199560393,
        "1,0,1,8": 0.9496978858398012,
        "1,0,1,9": 0.05650944037323094,
        "1,0,1,10": 0.10266105684694381,
        "1,0,1,11": 0.4632482144997848,
        "1,0,1,12": -0.06452967545723982,
        "1,0,1,13": 0.1352053348781722,
        "1,0,1,14": -0.19254699405201506,
        "1,0,1,15": -0.4248702634682395,
        "1,0,1,16": -0.2872714055826446,
        "1,0,1,17": -0.5148857998603632,
        "1,0,1,18": -0.5946491714444637,
        "1,0,1,19": -0.41596988472310276,
        "1,0,1,20": -2.637036544687547
    },
    "knots_dict": {
        "0,0,0,0": -2.3801760532498513,
        "0,0,0,1": -2.183644911301457,
        "0,0,0,2": -1.987113769353063,
        "0,0,0,3": -1.7905826274046688,
        "0,0,0,4": -1.5940514854562746,
        "0,0,0,5": -1.3975203435078805,
        "0,0,0,6": -1.2009892015594863,
        "0,0,0,7": -1.0044580596110921,
        "0,0,0,8": -0.8079269176626981,
        "0,0,0,9": -0.611395775714304,
        "0,0,0,10": -0.4148646337659101,
        "0,0,0,11": -0.2183334918175157,
        "0,0,0,12": -0.02180234986912155,
        "0,0,0,13": 0.1747287920792726,
        "0,0,0,14": 0.37125993402766655,
        "0,0,0,15": 0.5677910759760607,
        "0,0,0,16": 0.7643222179244549,
        "0,0,0,17": 0.9608533598728486,
        "0,0,0,18": 1.1573845018212432,
        "0,0,0,19": 1.3539156437696374,
        "0,0,0,20": 1.5504467857180315,
        "0,0,0,21": 1.7469779276664257,
        "0,0,0,22": 1.9435090696148198,
        "0,0,0,23": 2.140040211563214,
        "0,0,0,24": 2.336571353511608,
        "0,0,1,0": -2.281865481289378,
        "0,0,1,1": -2.08757229118671,
        "0,0,1,2": -1.893279101084042,
        "0,0,1,3": -1.6989859109813739,
        "0,0,1,4": -1.5046927208787058,
        "0,0,1,5": -1.3103995307760377,
        "0,0,1,6": -1.1161063406733696,
        "0,0,1,7": -0.9218131505707015,
        "0,0,1,8": -0.7275199604680334,
        "0,0,1,9": -0.5332267703653653,
        "0,0,1,10": -0.3389335802626974,
        "0,0,1,11": -0.14464039016002905,
        "0,0,1,12": 0.04965279994263905,
        "0,0,1,13": 0.24394599004530715,
        "0,0,1,14": 0.438239180147975,
        "0,0,1,15": 0.6325323702506433,
        "0,0,1,16": 0.8268255603533112,
        "0,0,1,17": 1.021118750455979,
        "0,0,1,18": 1.2154119405586474,
        "0,0,1,19": 1.4097051306613158,
        "0,0,1,20": 1.6039983207639836,
        "0,0,1,21": 1.798291510866652,
        "0,0,1,22": 1.99258470096932,
        "0,0,1,23": 2.186877891071988,
        "0,0,1,24": 2.3811710811746565,
        "0,1,0,0": -2.3801760532498513,
        "0,1,0,1": -2.183644911301457,
        "0,1,0,2": -1.987113769353063,
        "0,1,0,3": -1.7905826274046688,
        "0,1,0,4": -1.5940514854562746,
        "0,1,0,5": -1.3975203435078805,
        "0,1,0,6": -1.2009892015594863,
        "0,1,0,7": -1.0044580596110921,
        "0,1,0,8": -0.8079269176626981,
        "0,1,0,9": -0.611395775714304,
        "0,1,0,10": -0.4148646337659101,
        "0,1,0,11": -0.2183334918175157,
        "0,1,0,12": -0.02180234986912155,
        "0,1,0,13": 0.1747287920792726,
        "0,1,0,14": 0.37125993402766655,
        "0,1,0,15": 0.5677910759760607,