{
    "width": [
        2,
        3,
        1
    ],
    "depth": 3,
    "degree": 3,
    "coefs_size": 18,
    "knots_size": 22,
    "num_inputs_dict": {
        "0": 2,
        "1": 3
    },
    "num_outputs_dict": {
        "0": 3,
        "1": 1
    },
    "coefs_dict": {
        "0,0,0,0": -0.12719622859587348,
        "0,0,0,1": -0.21735740349444752,
        "0,0,0,2": -0.2277383679395779,
        "0,0,0,3": -0.2969887983694311,
        "0,0,0,4": -0.5164452508093591,
        "0,0,0,5": -0.7234434389288069,
        "0,0,0,6": -0.9978983340371814,
        "0,0,0,7": -1.0356399419948157,
        "0,0,0,8": -1.2009192703617826,
        "0,0,0,9": -1.4488612618608923,
        "0,0,0,10": -1.7618250352929155,
        "0,0,0,11": -1.9658204874608454,
        "0,0,0,12": -1.9416025355353355,
        "0,0,0,13": -1.766368931046444,
        "0,0,0,14": -1.637279854946444,
        "0,0,0,15": -1.422326148202595,
        "0,0,0,16": -1.3774664461436803,
        "0,0,0,17": -0.8515268976708477,
        "0,0,1,0": 0.5230254991726547,
        "0,0,1,1": 0.5382949915288648,
        "0,0,1,2": 0.49106113807183904,
        "0,0,1,3": 0.20395456869284767,
        "0,0,1,4": -1.0165980028068033,
        "0,0,1,5": -3.288323428792701,
        "0,0,1,6": -2.6548413098266304,
        "0,0,1,7": -1.752515388016647,
        "0,0,1,8": -0.8831210125244537,
        "0,0,1,9": -0.6462782300778013,
        "0,0,1,10": -0.40457970056339093,
        "0,0,1,11": 0.44610040244730914,
        "0,0,1,12": 1.1943429070041385,
        "0,0,1,13": 1.734758831281682,
        "0,0,1,14": 2.107507293136116,
        "0,0,1,15": 2.1960116970406394,
        "0,0,1,16": 2.2710986280165777,
        "0,0,1,17": 1.6392699343481414,
        "0,1,0,0": -0.5886549337957142,
        "0,1,0,1": -0.9755133418687102,
        "0,1,0,2": -0.8641020909509312,
        "0,1,0,3": -0.8385630026415045,
        "0,1,0,4": -0.5639921086660092,
        "0,1,0,5": -0.37856927034068943,
        "0,1,0,6": -0.05047239207242031,
        "0,1,0,7": 0.09774241216921835,
        "0,1,0,8": 0.12172528137929652,
        "0,1,0,9": 0.08398656974826108,
        "0,1,0,10": 0.03860462141716664,
        "0,1,0,11": 0.012948995941775778,
        "0,1,0,12": -0.04621037661338741,
        "0,1,0,13": -0.13477402310373354,
        "0,1,0,14": -0.22894000829149846,
        "0,1,0,15": -0.3045357032568983,
        "0,1,0,16": -0.35008764447703655,
        "0,1,0,17": -0.4832511425417831,
        "0,1,1,0": -2.1212748996713118,
        "0,1,1,1": -1.5414583549272152,
        "0,1,1,2": -1.6375516290523953,
        "0,1,1,3": -1.4114024239038845,
        "0,1,1,4": -0.7318986623736444,
        "0,1,1,5": 1.0063224640413357,
        "0,1,1,6": 1.6739648204580848,
        "0,1,1,7": 1.8295428931206017,
        "0,1,1,8": 1.8791535373155188,
        "0,1,1,9": 1.8951718445908894,
        "0,1,1,10": 1.9324656808797904,
        "0,1,1,11": 1.922842303474554,
        "0,1,1,12": 1.8998451738291409,
        "0,1,1,13": 1.903000995652699,
        "0,1,1,14": 1.7577910684836169,
        "0,1,1,15": 1.6273229095803274,
        "0,1,1,16": 1.1669224084171461,
        "0,1,1,17": 2.0714262964543786,
        "0,2,0,0": 1.3482084023859102,
        "0,2,0,1": 1.5700480536538293,
        "0,2,0,2": 1.6021845847117937,
        "0,2,0,3": 1.590872088889549,
        "0,2,0,4": 1.207283551483281,
        "0,2,0,5": 0.9317773282349455,
        "0,2,0,6": 0.4411791464599709,
        "0,2,0,7": 0.676389059959174,
        "0,2,0,8": 1.360794352928213,
        "0,2,0,9": 2.452270607700644,
        "0,2,0,10": 3.0640579526880054,
        "0,2,0,11": 3.530836456763672,
        "0,2,0,12": 3.602640319173365,
        "0,2,0,13": 3.0837678342155264,
        "0,2,0,14": 1.7818111941895283,
        "0,2,0,15": 0.7880276675891268,
        "0,2,0,16": -1.0258337738092211,
        "0,2,0,17": -1.3388661878846766,
        "0,2,1,0": 4.290439847346935,
        "0,2,1,1": 3.685971807601468,
        "0,2,1,2": 3.2032460853039293,
        "0,2,1,3": 2.024289724504895,
        "0,2,1,4": -0.5271608186390647,
        "0,2,1,5": -2.117754468996469,
        "0,2,1,6": -3.2436967920218804,
        "0,2,1,7": -3.1298520829929894,
        "0,2,1,8": -2.195985597459992,
        "0,2,1,9": -1.9778235334744991,
        "0,2,1,10": -2.7839051368928147,
        "0,2,1,11": -1.4333472723758,
        "0,2,1,12": -0.3251263730426304,
        "0,2,1,13": 0.7506550192615355,
        "0,2,1,14": 0.9504580878738191,
        "0,2,1,15": 0.16470436019766785,
        "0,2,1,16": -1.2811868747425412,
        "0,2,1,17": 0.1669703518569665,
        "1,0,0,0": 22.543790568794584,
        "1,0,0,1": 8.735445926585154,
        "1,0,0,2": 3.313956714338081,
        "1,0,0,3": -3.0430770304007124,
        "1,0,0,4": -6.991604383256691,
        "1,0,0,5": -9.411245372527757,
        "1,0,0,6": -11.399315372723605,
        "1,0,0,7": -8.351732976839816,
        "1,0,0,8": -3.1699487014133747,
        "1,0,0,9": 5.545501835204469,
        "1,0,0,10": 15.077249151571571,
        "1,0,0,11": 17.428761066721542,
        "1,0,0,12": 13.23974640404497,
        "1,0,0,13": 2.91100935647179,
        "1,0,0,14": -8.593890921869603,
        "1,0,0,15": -17.300953983661422,
        "1,0,0,16": -25.83363011062719,
        "1,0,0,17": -11.50181021884717,
        "1,0,1,0": 0.6672117948683697,
        "1,0,1,1": 0.6130359690681345,
        "1,0,1,2": 0.6169389696301039,
        "1,0,1,3": 0.6364510168109158,
        "1,0,1,4": 0.7176146784341185,
        "1,0,1,5": 0.7675801103442726,
        "1,0,1,6": 0.808015078275502,
        "1,0,1,7": 0.818968278726554,
        "1,0,1,8": 0.7978013470278192,
        "1,0,1,9": 0.7749322282607737,
        "1,0,1,10": 0.7122990488427265,
        "1,0,1,11": 0.6880392868400543,
        "1,0,1,12": 0.6327654679385912,
        "1,0,1,13": 0.616527469567441,
        "1,0,1,14": 0.6275665006641646,
        "1,0,1,15": 0.7598940728865649,
        "1,0,1,16": 0.9949232356568328,
        "1,0,1,17": 2.8672195874575026,
        "1,0,2,0": -4.564849990629145,
        "1,0,2,1": -5.678222917879133,
        "1,0,2,2": -8.301212284509978,
        "1,0,2,3": -9.80539739865599,
        "1,0,2,4": -9.642248232398195,
        "1,0,2,5": -8.085428411854979,
        "1,0,2,6": -5.586073951743689,
        "1,0,2,7": -2.7090741506910687,
        "1,0,2,8": -0.46815009713752004,
        "1,0,2,9": 1.6126086565987676,
        "1,0,2,10": 2.7571959442578056,
        "1,0,2,11": 3.323716679677591,
        "1,0,2,12": 3.618428437432986,
        "1,0,2,13": 3.935339807232427,
        "1,0,2,14": 5.145998020102388,
        "1,0,2,15": 6.363360317718175,
        "1,0,2,16": 7.789120004871244,
        "1,0,2,17": 6.6599969253345845
    },
    "knots_dict": {
        "0,0,0,0": -2.4980947384188883,
        "0,0,0,1": -2.262257368080815,
        "0,0,0,2": -2.026419997742742,
        "0,0,0,3": -1.7905826274046688,
        "0,0,0,4": -1.5547452570665958,
        "0,0,0,5": -1.3189078867285229,
        "0,0,0,6": -1.0830705163904497,
        "0,0,0,7": -0.847233146052377,
        "0,0,0,8": -0.611395775714304,
        "0,0,0,9": -0.37555840537623086,
        "0,0,0,10": -0.13972103503815791,
        "0,0,0,11": 0.09611633529991481,
        "0,0,0,12": 0.331953705637988,
        "0,0,0,13": 0.5677910759760607,
        "0,0,0,14": 0.8036284463141334,
        "0,0,0,15": 1.039465816652207,
        "0,0,0,16": 1.2753031869902798,
        "0,0,0,17": 1.511140557328353,
        "0,0,0,18": 1.7469779276664257,
        "0,0,0,19": 1.9828152980044986,
        "0,0,0,20": 2.2186526683425716,
        "0,0,0,21": 2.4544900386806447,
        "0,0,1,0": -2.398441395350979,
        "0,0,1,1": -2.165289567227777,
        "0,0,1,2": -1.9321377391045755,
        "0,0,1,3": -1.6989859109813739,
        "0,0,1,4": -1.4658340828581722,
        "0,0,1,5": -1.2326822547349705,
        "0,0,1,6": -0.9995304266117686,
        "0,0,1,7": -0.766378598488567,
        "0,0,1,8": -0.5332267703653653,