{
    "width": [
        2,
        2,
        1
    ],
    "depth": 3,
    "degree": 3,
    "coefs_size": 24,
    "knots_size": 28,
    "num_inputs_dict": {
        "0": 2,
        "1": 2
    },
    "num_outputs_dict": {
        "0": 2,
        "1": 1
    },
    "coefs_dict": {
        "0,0,0,0": 1.3926137445471547,
        "0,0,0,1": 0.8838163373696625,
        "0,0,0,2": 0.8019760396577125,
        "0,0,0,3": 1.0260628294043044,
        "0,0,0,4": 0.7703860770689827,
        "0,0,0,5": 0.8420578714716155,
        "0,0,0,6": 0.70436158777146,
        "0,0,0,7": 0.7407186582900216,
        "0,0,0,8": 0.6979791071758488,
        "0,0,0,9": 0.6899189872899663,
        "0,0,0,10": 0.646691697355892,
        "0,0,0,11": 0.9489413934035846,
        "0,0,0,12": 1.0394711498906613,
        "0,0,0,13": 0.8411371167252543,
        "0,0,0,14": 1.0751782024127072,
        "0,0,0,15": 1.822852905738301,
        "0,0,0,16": 1.6154441911264865,
        "0,0,0,17": 2.0955452381314164,
        "0,0,0,18": 1.8909467329755747,
        "0,0,0,19": 1.7038190850408914,
        "0,0,0,20": 1.6937715177099868,
        "0,0,0,21": 1.453326030352737,
        "0,0,0,22": 1.4910092005724258,
        "0,0,0,23": 1.0535999861436292,
        "0,0,1,0": 1.2968055290506983,
        "0,0,1,1": 0.8214191526097476,
        "0,0,1,2": 1.6048116237638892,
        "0,0,1,3": 0.6362912584226844,
        "0,0,1,4": 1.4642676436260562,
        "0,0,1,5": 0.796163665707752,
        "0,0,1,6": 0.9520395137176575,
        "0,0,1,7": 0.590371472197318,
        "0,0,1,8": 0.4941043399625409,
        "0,0,1,9": 0.27039840254116804,
        "0,0,1,10": 0.2025568316022691,
        "0,0,1,11": -0.08215148376613816,
        "0,0,1,12": 1.7872272074372304,
        "0,0,1,13": 0.7207830444611536,
        "0,0,1,14": 0.7388946204924178,
        "0,0,1,15": -0.07369292203473066,
        "0,0,1,16": 1.691983161896657,
        "0,0,1,17": 0.4977439355843233,
        "0,0,1,18": 1.8326193893886291,
        "0,0,1,19": 1.3253501127736225,
        "0,0,1,20": 1.815379280850049,
        "0,0,1,21": 0.502860813529256,
        "0,0,1,22": -0.27335694474015343,
        "0,0,1,23": 0.48716064475932935,
        "0,1,0,0": 1.2122516606704075,
        "0,1,0,1": 0.6997784253778364,
        "0,1,0,2": 0.7632004404918471,
        "0,1,0,3": 0.8540211082825679,
        "0,1,0,4": 0.8605490040624936,
        "0,1,0,5": 0.8441571686449217,
        "0,1,0,6": 1.0271920424574355,
        "0,1,0,7": 1.0996254936215377,
        "0,1,0,8": 1.0448392773528072,
        "0,1,0,9": 0.9722675993933109,
        "0,1,0,10": 0.8693469797630531,
        "0,1,0,11": 0.7338347644420368,
        "0,1,0,12": 0.565720699654656,
        "0,1,0,13": 0.3682155952160322,
        "0,1,0,14": 0.14181323453402073,
        "0,1,0,15": -0.10605263365705148,
        "0,1,0,16": -0.3823629502287413,
        "0,1,0,17": -0.6833961309240776,
        "0,1,0,18": -1.0023048232877179,
        "0,1,0,19": -1.340929737192226,
        "0,1,0,20": -1.7029768757734816,
        "0,1,0,21": -2.043120705561126,
        "0,1,0,22": -2.4276223862956203,
        "0,1,0,23": -2.7021743921935664,
        "0,1,1,0": -0.640162658186454,
        "0,1,1,1": -0.7766102940875733,
        "0,1,1,2": -0.6530841656107421,
        "0,1,1,3": -1.0644629432022303,
        "0,1,1,4": -0.132823057580492,
        "0,1,1,5": -0.32097852783141123,
        "0,1,1,6": -0.2779453956862868,
        "0,1,1,7": -0.3587393673821508,
        "0,1,1,8": 0.7756174493943377,
        "0,1,1,9": 0.6424372031212419,
        "0,1,1,10": 0.78907703309343,
        "0,1,1,11": 0.581775938551751,
        "0,1,1,12": 0.5069840518092489,
        "0,1,1,13": 0.4105000757972046,
        "0,1,1,14": 0.36372363097634747,
        "0,1,1,15": 0.4993415746763356,
        "0,1,1,16": 0.5207704794707714,
        "0,1,1,17": 0.4976607238903306,
        "0,1,1,18": 0.395556990261104,
        "0,1,1,19": 0.3197098179597551,
        "0,1,1,20": 0.09192088762564866,
        "0,1,1,21": -0.10663920791904852,
        "0,1,1,22": -0.21641330512817622,
        "0,1,1,23": -0.6519041473739858,
        "1,0,0,0": -1.3676389089834742,
        "1,0,0,1": -1.1726870816975197,
        "1,0,0,2": -1.4498529332727679,
        "1,0,0,3": -1.2416694757767968,
        "1,0,0,4": -1.3679554866787857,
        "1,0,0,5": -1.2676091438069226,
        "1,0,0,6": -1.3395919610350644,
        "1,0,0,7": -1.2419942209606436,
        "1,0,0,8": -1.2875354373134738,
        "1,0,0,9": -1.289423301011005,
        "1,0,0,10": -1.2242961539448585,
        "1,0,0,11": -1.3219107731138346,
        "1,0,0,12": -1.2629401268072387,
        "1,0,0,13": -1.3526182165830827,
        "1,0,0,14": -1.3272125874749001,
        "1,0,0,15": -1.3883869954415655,
        "1,0,0,16": -1.3435612353674833,
        "1,0,0,17": -1.4511625439110785,
        "1,0,0,18": -1.3106562659989307,
        "1,0,0,19": -1.4667950074998017,
        "1,0,0,20": -1.3647297017348958,
        "1,0,0,21": -1.5063145521611239,
        "1,0,0,22": -1.2085456024963002,
        "1,0,0,23": -2.348705773132636,
        "1,0,1,0": 0.45743391612677786,
        "1,0,1,1": 1.8925686110665372,
        "1,0,1,2": 1.4239017379241816,
        "1,0,1,3": 1.6847350314701686,
        "1,0,1,4": 1.5460686928209293,
        "1,0,1,5": 1.6791975919367383,
        "1,0,1,6": 1.5431908136989347,
        "1,0,1,7": 1.6126775927540211,
        "1,0,1,8": 1.5987135671640926,
        "1,0,1,9": 1.5329871875943533,
        "1,0,1,10": 1.5890335323301628,
        "1,0,1,11": 1.5582232790190083,
        "1,0,1,12": 1.5462048648199969,
        "1,0,1,13": 1.4844732881325515,
        "1,0,1,14": 1.6117261215868044,
        "1,0,1,15": 1.4907860283259344,
        "1,0,1,16": 1.5820930579997752,
        "1,0,1,17": 1.479647933935929,
        "1,0,1,18": 1.6237440246139132,
        "1,0,1,19": 1.3525564938909571,
        "1,0,1,20": 1.506106318537452,
        "1,0,1,21": 1.5493886668505488,
        "1,0,1,22": 1.6432397880970286,
        "1,0,1,23": 2.325187211492006
    },
    "knots_dict": {
        "0,0,0,0": -2.295948420986254,
        "0,0,0,1": -2.127493156459059,
        "0,0,0,2": -1.9590378919318638,
        "0,0,0,3": -1.7905826274046688,
        "0,0,0,4": -1.6221273628774737,
        "0,0,0,5": -1.4536720983502789,
        "0,0,0,6": -1.285216833823084,
        "0,0,0,7": -1.116761569295889,
        "0,0,0,8": -0.9483063047686939,
        "0,0,0,9": -0.7798510402414991,
        "0,0,0,10": -0.611395775714304,
        "0,0,0,11": -0.442940511187109,
        "0,0,0,12": -0.27448524665991414,
        "0,0,0,13": -0.10602998213271908,
        "0,0,0,14": 0.062425282394475534,
        "0,0,0,15": 0.2308805469216706,
        "0,0,0,16": 0.3993358114488661,
        "0,0,0,17": 0.5677910759760607,
        "0,0,0,18": 0.7362463405032553,
        "0,0,0,19": 0.9047016050304508,
        "0,0,0,20": 1.0731568695576459,
        "0,0,0,21": 1.2416121340848405,
        "0,0,0,22": 1.4100673986120356,
        "0,0,0,23": 1.5785226631392306,
        "0,0,0,24": 1.7469779276664257,
        "0,0,0,25": 1.9154331921936207,
        "0,0,0,26": 2.083888456720816,
        "0,0,0,27": 2.252343721248011,
        "0,0,1,0": -2.1985969712453777,
        "0,0,1,1": -2.0320599511573763,
        "0,0,1,2": -1.865522931069375,
        "0,0,1,3": -1.6989859109813739,
        "0,0,1,4": -1.5324488908933727,
        "0,0,1,5": -1.3659118708053715,
        "0,0,1,6": -1.1993748507173703,
        "0,0,1,7": -1.032837830629369,
        "0,0,1,8": -0.8663008105413678,
        "0,0,1,9": -0.6997637904533666,
        "0,0,1,10": -0.5332267703653653,
        "0,0,1,11": -0.36668975027736406,
        "0,0,1,12": -0.20015273018936286,
        "0,0,1,13": -0.03361571010136166,
        "0,0,1,14": 0.1329213099866393,
        "0,0,1,15": 0.29945833007464073,
        "0,0,1,16": 0.4659953501626424,
        "0,0,1,17": 0.6325323702506433,
        "0,0,1,18": 0.7990693903386443,
        "0,0,1,19": 0.9656064104266457,