{
    "width": [
        2,
        2,
        1
    ],
    "depth": 3,
    "degree": 3,
    "coefs_size": 18,
    "knots_size": 22,
    "num_inputs_dict": {
        "0": 2,
        "1": 2
    },
    "num_outputs_dict": {
        "0": 2,
        "1": 1
    },
    "coefs_dict": {
        "0,0,0,0": 0.48969169316654293,
        "0,0,0,1": 0.7081824683730295,
        "0,0,0,2": 0.8399764557810605,
        "0,0,0,3": 0.5419301772759753,
        "0,0,0,4": 0.9277127216283909,
        "0,0,0,5": -0.08276113563110002,
        "0,0,0,6": 0.9414999933956026,
        "0,0,0,7": 0.5855868458345315,
        "0,0,0,8": 0.9580222125572888,
        "0,0,0,9": 0.7966108863519715,
        "0,0,0,10": 0.3552273095045344,
        "0,0,0,11": 0.38647553268021856,
        "0,0,0,12": 3.5619954581589934,
        "0,0,0,13": 1.8228453923590748,
        "0,0,0,14": 2.366572599736577,
        "0,0,0,15": 1.603823143719798,
        "0,0,0,16": 1.5987343492476318,
        "0,0,0,17": 1.136731497801342,
        "0,0,1,0": -3.668659789910208,
        "0,0,1,1": 2.112383280386862,
        "0,0,1,2": 1.1062115107022357,
        "0,0,1,3": 1.4192537714798121,
        "0,0,1,4": 1.320078786890647,
        "0,0,1,5": 1.209283313553389,
        "0,0,1,6": 0.9856096140641672,
        "0,0,1,7": -0.5453731551444776,
        "0,0,1,8": 2.6126194508022573,
        "0,0,1,9": 1.222197258972235,
        "0,0,1,10": 0.28607545398474954,
        "0,0,1,11": 1.5251641967658993,
        "0,0,1,12": -0.42937596842110387,
        "0,0,1,13": 1.6674578527719286,
        "0,0,1,14": 2.378561298920234,
        "0,0,1,15": 0.9112853414586027,
        "0,0,1,16": 1.7368347408346165,
        "0,0,1,17": -0.4451941618301107,
        "0,1,0,0": -1.5639539544423773,
        "0,1,0,1": 1.5119853302623758,
        "0,1,0,2": 0.6721968644598169,
        "0,1,0,3": 0.7261532346145791,
        "0,1,0,4": 0.6784128589020033,
        "0,1,0,5": 1.5597548179018583,
        "0,1,0,6": 1.2491516497187312,
        "0,1,0,7": 1.5096922353770594,
        "0,1,0,8": 1.1259339786331293,
        "0,1,0,9": 0.3391990508486569,
        "0,1,0,10": 0.23882540867685495,
        "0,1,0,11": -0.24786282501190612,
        "0,1,0,12": -0.6852699815640326,
        "0,1,0,13": -0.6679947286721255,
        "0,1,0,14": -1.3512040787730353,
        "0,1,0,15": -1.7902873641199604,
        "0,1,0,16": -2.4044406255429105,
        "0,1,0,17": -2.8908605291203995,
        "0,1,1,0": 0.8769501845605938,
        "0,1,1,1": -1.1516854759264914,
        "0,1,1,2": -0.8500821713783134,
        "0,1,1,3": 0.020781234956036336,
        "0,1,1,4": -0.7120585432219385,
        "0,1,1,5": -0.1316035981572177,
        "0,1,1,6": -0.318543109491795,
        "0,1,1,7": 0.5980925550071249,
        "0,1,1,8": 0.4247466797822869,
        "0,1,1,9": 0.3955911556843377,
        "0,1,1,10": 0.5241187529527184,
        "0,1,1,11": 0.53948244286575,
        "0,1,1,12": 0.7832132288094559,
        "0,1,1,13": 0.9151372785483545,
        "0,1,1,14": 0.8840048869423242,
        "0,1,1,15": 0.856464501733892,
        "0,1,1,16": 1.0374622195039376,
        "0,1,1,17": -3.4239325846832758,
        "1,0,0,0": -0.13002332978231868,
        "1,0,0,1": -0.08694978880816213,
        "1,0,0,2": -0.43693352433148896,
        "1,0,0,3": -0.2990984678979063,
        "1,0,0,4": -0.5063691540582218,
        "1,0,0,5": -0.3891950329995065,
        "1,0,0,6": -0.4908775402126498,
        "1,0,0,7": -0.8133743364448961,
        "1,0,0,8": -0.5877123352450844,
        "1,0,0,9": -0.8760323719422847,
        "1,0,0,10": -0.8770959772566547,
        "1,0,0,11": -1.072332746614699,
        "1,0,0,12": -1.074750365408051,
        "1,0,0,13": -1.2189876370560613,
        "1,0,0,14": -1.256142431459264,
        "1,0,0,15": -1.411892955442664,
        "1,0,0,16": -1.3633335102134903,
        "1,0,0,17": -1.780180259946879,
        "1,0,1,0": -0.5303504911022692,
        "1,0,1,1": -0.46054100071776743,
        "1,0,1,2": -0.4388728581948127,
        "1,0,1,3": -0.48606880013509274,
        "1,0,1,4": -0.39602682188794713,
        "1,0,1,5": -0.6051620183963256,
        "1,0,1,6": -0.17042744899077208,
        "1,0,1,7": -0.9355934307498281,
        "1,0,1,8": -0.30847568897369215,
        "1,0,1,9": -0.6843619473168635,
        "1,0,1,10": -0.12195484152820671,
        "1,0,1,11": -0.47427622759692384,
        "1,0,1,12": -0.25883829246055684,
        "1,0,1,13": -0.4680848656742104,
        "1,0,1,14": -0.4856363181477478,
        "1,0,1,15": 0.09118435406717072,
        "1,0,1,16": -0.5825926820597762,
        "1,0,1,17": 0.9058189281513263
    },
    "knots_dict": {
        "0,0,0,0": -2.4980947384188883,
        "0,0,0,1": -2.262257368080815,
        "0,0,0,2": -2.026419997742742,
        "0,0,0,3": -1.7905826274046688,
        "0,0,0,4": -1.5547452570665958,
        "0,0,0,5": -1.3189078867285229,
        "0,0,0,6": -1.0830705163904497,
        "0,0,0,7": -0.847233146052377,
        "0,0,0,8": -0.611395775714304,
        "0,0,0,9": -0.37555840537623086,
        "0,0,0,10": -0.13972103503815791,
        "0,0,0,11": 0.09611633529991481,
        "0,0,0,12": 0.331953705637988,
        "0,0,0,13": 0.5677910759760607,
        "0,0,0,14": 0.8036284463141334,
        "0,0,0,15": 1.039465816652207,
        "0,0,0,16": 1.2753031869902798,
        "0,0,0,17": 1.511140557328353,
        "0,0,0,18": 1.7469779276664257,
        "0,0,0,19": 1.9828152980044986,
        "0,0,0,20": 2.2186526683425716,
        "0,0,0,21": 2.4544900386806447,
        "0,0,1,0": -2.398441395350979,
        "0,0,1,1": -2.165289567227777,
        "0,0,1,2": -1.9321377391045755,
        "0,0,1,3": -1.6989859109813739,
        "0,0,1,4": -1.4658340828581722,
        "0,0,1,5": -1.2326822547349705,
        "0,0,1,6": -0.9995304266117686,
        "0,0,1,7": -0.766378598488567,
        "0,0,1,8": -0.5332267703653653,
        "0,0,1,9": -0.30007494224216336,
        "0,0,1,10": -0.06692311411896168,
        "0,0,1,11": 0.16622871400423977,
        "0,0,1,12": 0.39938054212744145,
        "0,0,1,13": 0.6325323702506433,
        "0,0,1,14": 0.8656841983738448,
        "0,0,1,15": 1.0988360264970471,
        "0,0,1,16": 1.3319878546202486,
        "0,0,1,17": 1.5651396827434505,
        "0,0,1,18": 1.798291510866652,
        "0,0,1,19": 2.031443338989854,
        "0,0,1,20": 2.2645951671130558,
        "0,0,1,21": 2.4977469952362576,
        "0,1,0,0": -2.4980947384188883,
        "0,1,0,1": -2.262257368080815,
        "0,1,0,2": -2.026419997742742,
        "0,1,0,3": -1.7905826274046688,
        "0,1,0,4": -1.5547452570665958,
        "0,1,0,5": -1.3189078867285229,
        "0,1,0,6": -1.0830705163904497,
        "0,1,0,7": -0.847233146052377,
        "0,1,0,8": -0.611395775714304,
        "0,1,0,9": -0.37555840537623086,
        "0,1,0,10": -0.13972103503815791,
        "0,1,0,11": 0.09611633529991481,
        "0,1,0,12": 0.331953705637988,
        "0,1,0,13": 0.5677910759760607,
        "0,1,0,14": 0.8036284463141334,
        "0,1,0,15": 1.039465816652207,
        "0,1,0,16": 1.2753031869902798,
        "0,1,0,17": 1.511140557328353,
        "0,1,0,18": 1.7469779276664257,
        "0,1,0,19": 1.9828152980044986,
        "0,1,0,20": 2.2186526683425716,
        "0,1,0,21": 2.4544900386806447,
        "0,1,1,0": -2.398441395350979,
        "0,1,1,1": -2.165289567227777,
        "0,1,1,2": -1.9321377391045755,
        "0,1,1,3": -1.6989859109813739,
        "0,1,1,4": -1.4658340828581722,
        "0,1,1,5": -1.2326822547349705,
        "0,1,1,6": -0.9995304266117686,
        "0,1,1,7": -0.766378598488567,
        "0,1,1,8": -0.5332267703653653,
        "0,1,1,9": -0.30007494224216336,
        "0,1,1,10": -0.06692311411896168,
        "0,1,1,11": 0.16622871400423977,
        "0,1,1,12": 0.39938054212744145,
        "0,1,1,13": 0.6325323702506433,
        "0,1,1,14": 0.8656841983738448,
        "0,1,1,15": 1.0988360264970471,
        "0,1,1,16": 1.3319878546202486,
        "0,1,1,17": 1.5651396827434505,