{
    "width": [
        2,
        2,
        1
    ],
    "depth": 3,
    "degree": 3,
    "coefs_size": 6,
    "knots_size": 10,
    "num_inputs_dict": {
        "0": 2,
        "1": 2
    },
    "num_outputs_dict": {
        "0": 2,
        "1": 1
    },
    "coefs_dict": {
        "0,0,0,0": 0.2127498827804497,
        "0,0,0,1": 1.5937940256689485,
        "0,0,0,2": 1.0146477724666783,
        "0,0,0,3": 1.5322320617731309,
        "0,0,0,4": 2.427875737325676,
        "0,0,0,5": -5.028317922507394,
        "0,0,1,0": -3.2313393493943785,
        "0,0,1,1": 5.267512186112244,
        "0,0,1,2": 2.99973822933084,
        "0,0,1,3": -3.6465605766462366,
        "0,0,1,4": -2.908556269255298,
        "0,0,1,5": 2.3812954083288673,
        "0,1,0,0": -1.4487309305560352,
        "0,1,0,1": 0.17214852086918778,
        "0,1,0,2": 0.6585366271722922,
        "0,1,0,3": -0.8403961054210113,
        "0,1,0,4": -3.869748425224201,
        "0,1,0,5": -7.190963128376443,
        "0,1,1,0": 1.285714958270787,
        "0,1,1,1": 1.7354034565383603,
        "0,1,1,2": 2.3015330291551495,
        "0,1,1,3": 0.3573311271811046,
        "0,1,1,4": -3.0690732009455854,
        "0,1,1,5": -7.682421202294294,
        "1,0,0,0": 20.57356326076455,
        "1,0,0,1": -0.7852944598259269,
        "1,0,0,2": -0.22396048535803653,
        "1,0,0,3": -0.4764112850752401,
        "1,0,0,4": -0.5074978780706633,
        "1,0,0,5": -0.631428618622865,
        "1,0,1,0": 0.028122110853052617,
        "1,0,1,1": 0.0017139041621436657,
        "1,0,1,2": 0.041507929556034814,
        "1,0,1,3": -0.08119707467070267,
        "1,0,1,4": 0.22073567170440672,
        "1,0,1,5": 21.804816003693187
    },
    "knots_dict": {
        "0,0,0,0": -5.328143182475763,
        "0,0,0,1": -4.148956330785398,
        "0,0,0,2": -2.9697694790950333,
        "0,0,0,3": -1.7905826274046688,
        "0,0,0,4": -0.611395775714304,
        "0,0,0,5": 0.5677910759760607,
        "0,0,0,6": 1.7469779276664257,
        "0,0,0,7": 2.9261647793567906,
        "0,0,0,8": 4.105351631047156,
        "0,0,0,9": 5.284538482737521,
        "0,0,1,0": -5.1962633328294,
        "0,0,1,1": -4.030504192213391,
        "0,0,1,2": -2.8647450515973825,
        "0,0,1,3": -1.6989859109813739,
        "0,0,1,4": -0.5332267703653653,
        "0,0,1,5": 0.6325323702506433,
        "0,0,1,6": 1.798291510866652,
        "0,0,1,7": 2.9640506514826606,
        "0,0,1,8": 4.129809792098669,
        "0,0,1,9": 5.295568932714678,
        "0,1,0,0": -5.328143182475763,
        "0,1,0,1": -4.148956330785398,
        "0,1,0,2": -2.9697694790950333,
        "0,1,0,3": -1.7905826274046688,
        "0,1,0,4": -0.611395775714304,
        "0,1,0,5": 0.5677910759760607,
        "0,1,0,6": 1.7469779276664257,
        "0,1,0,7": 2.9261647793567906,
        "0,1,0,8": 4.105351631047156,
        "0,1,0,9": 5.284538482737521,
        "0,1,1,0": -5.1962633328294,
        "0,1,1,1": -4.030504192213391,
        "0,1,1,2": -2.8647450515973825,
        "0,1,1,3": -1.6989859109813739,
        "0,1,1,4": -0.5332267703653653,
        "0,1,1,5": 0.6325323702506433,
        "0,1,1,6": 1.798291510866652,
        "0,1,1,7": 2.9640506514826606,
        "0,1,1,8": 4.129809792098669,
        "0,1,1,9": 5.295568932714678,
        "1,0,0,0": -7.337322116963167,
        "1,0,0,1": -4.9143928933069745,
        "1,0,0,2": -2.491463669650783,
        "1,0,0,3": -0.06853444599459112,
        "1,0,0,4": 2.3543947776616005,
        "1,0,0,5": 4.777324001317792,
        "1,0,0,6": 7.200253224973984,
        "1,0,0,7": 9.623182448630176,
        "1,0,0,8": 12.046111672286369,
        "1,0,0,9": 14.46904089594256,
        "1,0,1,0": -4.662361909168306,
        "1,0,1,1": -3.854900135429737,
        "1,0,1,2": -3.0474383616911678,
        "1,0,1,3": -2.2399765879525986,
        "1,0,1,4": -1.4325148142140296,
        "1,0,1,5": -0.6250530404754606,
        "1,0,1,6": 0.18240873326310858,
        "1,0,1,7": 0.9898705070016777,
        "1,0,1,8": 1.7973322807402468,
        "1,0,1,9": 2.6047940544788157
    },
    "scale_sp_dict": {
        "0,0,0": 1.1844669967044612,
        "0,0,1": 0.22023476515941975,
        "0,1,0": 7.032127692623696,
        "0,1,1": 4.0589181130630605,
        "1,0,0": 20.584888493164918,
        "1,0,1": 17.541201847147285
    },
    "scale_base_dict": {
        "0,0,0": 0.7993253227060727,
        "0,0,1": 3.600951187401814,
        "0,1,0": 17.444095495591952,
        "0,1,1": 11.858461642124364,
        "1,0,0": 0.8580009726456763,
        "1,0,1": 2.507328567193861
    },
    "biases_dict": {
        "0,0": 0.3800446085366398,
        "0,1": -4.414974771244402,
        "1,0": 5.244654078562977
    },
    "input_lb_dict": {
        "0,0,0": -1.7905826274046688,
        "0,0,1": -1.6989859109813739,
        "0,1,0": -1.7905826274046688,
        "0,1,1": -1.6989859109813739,
        "1,0,0": -0.06853444599459112,
        "1,0,1": -2.2399765879525986
    },
    "input_ub_dict": {
        "0,0,0": 1.7469779276664257,
        "0,0,1": 1.798291510866652,
        "0,1,0": 1.7469779276664257,
        "0,1,1": 1.798291510866652,
        "1,0,0": 7.200253224973984,
        "1,0,1": 0.18240873326310858
    },
    "output_lb_dict": {
        "0,0,0": 1.2381778746582972,
        "0,0,1": -0.21113278078072384,
        "0,1,0": -4.536446741190094,
        "0,1,1": 4.017660651151553,
        "1,0,0": -6.36116146082126,
        "1,0,1": -1.0089816634000548
    },
    "output_ub_dict": {
        "0,0,0": 2.899911314618825,
        "0,0,1": 5.037733745464942,
        "0,1,0": -1.3355464329344784,
        "0,1,1": 5.3928529072212665,
        "1,0,0": -4.295354631518088,
        "1,0,1": 2.582539474354361
    },
    "layer_output_lb_dict": {
        "0,0": 1.4070897024142133,
        "0,1": -4.933760861282942,
        "1,0": -2.1254890456583375
    },
    "layer_output_ub_dict": {
        "0,0": 8.317689668620407,
        "0,1": -0.3576682969576135,
        "1,0": 3.53183892139925
    },
    "silu_output_ub_dict": {
        "0,0,0": 1.4876761334934623,
        "0,0,1": 1.542827719614488,
        "0,1,0": 1.4876761334934623,
        "0,1,1": 1.542827719614488,
        "1,0,0": 7.19488298749303,
        "1,0,1": 0.09949961525581637
    },
    "mean_input_dict": {
        "0": 0.035801338818143194,
        "1": -0.08926378890298807
    },
    "std_input_dict": {
        "0": 1.7027993424323016,
        "1": 1.7219754131004454
    },
    "mean_output_dict": {
        "0": 0.3641824770782581
    },
    "std_output_dict": {
        "0": 1.9235490648561706
    }
}