{
    "width": [
        2,
        2,
        1
    ],
    "depth": 3,
    "degree": 3,
    "coefs_size": 27,
    "knots_size": 31,
    "num_inputs_dict": {
        "0": 2,
        "1": 2
    },
    "num_outputs_dict": {
        "0": 2,
        "1": 1
    },
    "coefs_dict": {
        "0,0,0,0": 1.0891743045525382,
        "0,0,0,1": 0.9653065375744164,
        "0,0,0,2": 0.9939238393813967,
        "0,0,0,3": 0.9929643380410165,
        "0,0,0,4": 1.0112560503325472,
        "0,0,0,5": 0.9968768546861849,
        "0,0,0,6": 1.0019396178607278,
        "0,0,0,7": 0.9661249610160503,
        "0,0,0,8": 0.9539604130684849,
        "0,0,0,9": 0.9151735733304036,
        "0,0,0,10": 0.8916610463694181,
        "0,0,0,11": 0.8404469733488633,
        "0,0,0,12": 0.8021454557823595,
        "0,0,0,13": 0.764728057106056,
        "0,0,0,14": 0.8286448559617178,
        "0,0,0,15": 0.48079976863167967,
        "0,0,0,16": 0.9173937914220421,
        "0,0,0,17": 1.7431808028468996,
        "0,0,0,18": 1.432099395723653,
        "0,0,0,19": 1.9617992594465714,
        "0,0,0,20": 1.134820951822604,
        "0,0,0,21": 1.4265740126033364,
        "0,0,0,22": 1.2731475432606238,
        "0,0,0,23": 0.8511149666047002,
        "0,0,0,24": 0.7181412957133261,
        "0,0,0,25": 0.6991743330134362,
        "0,0,0,26": 0.4219662050815447,
        "0,0,1,0": 2.2359168888841467,
        "0,0,1,1": 1.7181033916190018,
        "0,0,1,2": 1.9854560350401567,
        "0,0,1,3": 1.932298250391671,
        "0,0,1,4": 1.9675563557862528,
        "0,0,1,5": 1.9490273842233947,
        "0,0,1,6": 1.7855051150282004,
        "0,0,1,7": 1.687781464551704,
        "0,0,1,8": 1.3422810866063213,
        "0,0,1,9": 0.9769530930753191,
        "0,0,1,10": 0.6521876215712469,
        "0,0,1,11": 0.09426562199639993,
        "0,0,1,12": -0.3429922283179901,
        "0,0,1,13": -1.409937444151476,
        "0,0,1,14": -0.6400262410525808,
        "0,0,1,15": -1.0019590191912529,
        "0,0,1,16": -0.4598873664807918,
        "0,0,1,17": 0.8264605967749526,
        "0,0,1,18": 2.202310279861797,
        "0,0,1,19": 1.5381767837519074,
        "0,0,1,20": 0.5251036758252698,
        "0,0,1,21": 1.0099758375257297,
        "0,0,1,22": 1.241478263121249,
        "0,0,1,23": 1.449297389391361,
        "0,0,1,24": 0.5632428709931362,
        "0,0,1,25": 0.08891810060813624,
        "0,0,1,26": 0.625915060122597,
        "0,1,0,0": 0.8845760840008015,
        "0,1,0,1": 0.9052525361745686,
        "0,1,0,2": 0.9270034928546798,
        "0,1,0,3": 0.9501880565578693,
        "0,1,0,4": 0.9569844337948378,
        "0,1,0,5": 0.9591070477424434,
        "0,1,0,6": 0.9541090298076336,
        "0,1,0,7": 0.9287043879124578,
        "0,1,0,8": 0.9517432373567349,
        "0,1,0,9": 0.906914185737139,
        "0,1,0,10": 0.832374757072038,
        "0,1,0,11": 0.7311409203543925,
        "0,1,0,12": 0.6026188092884006,
        "0,1,0,13": 0.44827640121024726,
        "0,1,0,14": 0.26504765727284263,
        "0,1,0,15": 0.05914368124359797,
        "0,1,0,16": -0.1738510192173243,
        "0,1,0,17": -0.42626921017149577,
        "0,1,0,18": -0.7041402447384545,
        "0,1,0,19": -0.9979896564029662,
        "0,1,0,20": -1.3164010373274593,
        "0,1,0,21": -1.6440650919466193,
        "0,1,0,22": -1.9984148245564464,
        "0,1,0,23": -2.3428522178408153,
        "0,1,0,24": -2.7064866827555165,
        "0,1,0,25": -3.07742138822601,
        "0,1,0,26": -3.401396774639547,
        "0,1,1,0": -0.6489699247031531,
        "0,1,1,1": -0.5113784593108726,
        "0,1,1,2": -0.5883880511291956,
        "0,1,1,3": -0.2061066505777429,
        "0,1,1,4": -0.17117386430442094,
        "0,1,1,5": -0.07571729639346554,
        "0,1,1,6": -0.063188094247169,
        "0,1,1,7": -0.11424128061716901,
        "0,1,1,8": -0.10992693267279628,
        "0,1,1,9": 0.45692862289544994,
        "0,1,1,10": 0.5940406041216658,
        "0,1,1,11": 0.5322367017081691,
        "0,1,1,12": 0.5292559477461842,
        "0,1,1,13": 0.4509646731091566,
        "0,1,1,14": 0.3750392186601427,
        "0,1,1,15": 0.2838840039591641,
        "0,1,1,16": 0.23457913039208217,
        "0,1,1,17": 0.2068442808267888,
        "0,1,1,18": 0.18326914059103758,
        "0,1,1,19": 0.11406533570701641,
        "0,1,1,20": 0.031246030876708922,
        "0,1,1,21": -0.097207677748498,
        "0,1,1,22": -0.20823590203610365,
        "0,1,1,23": -0.4479814702541344,
        "0,1,1,24": -0.5607541577413105,
        "0,1,1,25": -0.6294378468258178,
        "0,1,1,26": -0.6807172772003867,
        "1,0,0,0": 1.2268652552802277,
        "1,0,0,1": -0.4236351411009904,
        "1,0,0,2": -0.17392208879886228,
        "1,0,0,3": -0.25781846639534906,
        "1,0,0,4": -0.18899411080433087,
        "1,0,0,5": -0.21274581591989758,
        "1,0,0,6": -0.1541410179421324,
        "1,0,0,7": -0.17078945883284535,
        "1,0,0,8": -0.12069738062963836,
        "1,0,0,9": -0.10485132947599224,
        "1,0,0,10": -0.09534892979158115,
        "1,0,0,11": -0.07270356946137736,
        "1,0,0,12": -0.07803431378886418,
        "1,0,0,13": -0.09906636905346675,
        "1,0,0,14": -0.08159373781546246,
        "1,0,0,15": -0.09426354668103924,
        "1,0,0,16": -0.07636346295580185,
        "1,0,0,17": -0.10716200771979803,
        "1,0,0,18": -0.0753480962508933,
        "1,0,0,19": -0.1903631890610312,
        "1,0,0,20": 0.013464206264204422,
        "1,0,0,21": -0.14844675198072024,
        "1,0,0,22": 0.0012164618398339076,
        "1,0,0,23": -0.05349738571425594,
        "1,0,0,24": 0.004185799103372311,
        "1,0,0,25": -0.0708119120116501,
        "1,0,0,26": 0.11919475041967863,
        "1,0,1,0": -5.2813465730403364e-05,
        "1,0,1,1": -0.14462078121543892,
        "1,0,1,2": -0.010592850857395779,
        "1,0,1,3": -0.03185878162735951,
        "1,0,1,4": -0.010534940599361036,
        "1,0,1,5": -0.04327980939246563,
        "1,0,1,6": -0.025379984518583452,
        "1,0,1,7": -0.04988408074934527,
        "1,0,1,8": -0.08243997669647482,
        "1,0,1,9": -0.0697394368458611,
        "1,0,1,10": -0.14241436368435645,
        "1,0,1,11": -0.08741575536684056,
        "1,0,1,12": -0.15811607368721517,
        "1,0,1,13": 0.002382210037067674,
        "1,0,1,14": -0.15681098396303908,
        "1,0,1,15": -0.13455749644614165,
        "1,0,1,16": -0.08565160574426169,
        "1,0,1,17": -0.325786936322487,
        "1,0,1,18": -0.04878486337712053,
        "1,0,1,19": -0.17406989799174263,
        "1,0,1,20": -0.09623863252690223,
        "1,0,1,21": -0.13888032193558023,
        "1,0,1,22": -0.0724091830026809,
        "1,0,1,23": -0.002918290647771287,
        "1,0,1,24": 0.06138682857165298,
        "1,0,1,25": 0.5220464566429843,
        "1,0,1,26": 1.238396279734184
    },
    "knots_dict": {
        "0,0,0,0": -2.2327776967885553,
        "0,0,0,1": -2.08537934032726,
        "0,0,0,2": -1.9379809838659643,
        "0,0,0,3": -1.7905826274046688,
        "0,0,0,4": -1.6431842709433733,
        "0,0,0,5": -1.4957859144820775,
        "0,0,0,6": -1.348387558020782,
        "0,0,0,7": -1.2009892015594863,
        "0,0,0,8": -1.0535908450981908,
        "0,0,0,9": -0.9061924886368952,
        "0,0,0,10": -0.7587941321755998,
        "0,0,0,11": -0.611395775714304,
        "0,0,0,12": -0.4639974192530083,
        "0,0,0,13": -0.3165990627917128,
        "0,0,0,14": -0.16920070633041728,
        "0,0,0,15": -0.02180234986912155,
        "0,0,0,16": 0.12559600659217396,
        "0,0,0,17": 0.27299436305346925,
        "0,0,0,18": 0.4203927195147652,
        "0,0,0,19": 0.5677910759760607,
        "0,0,0,20": 0.7151894324373562,
        "0,0,0,21": 0.8625877888986522,
        "0,0,0,22": 1.0099861453599477,
        "0,0,0,23": 1.1573845018212432,
        "0,0,0,24": 1.3047828582825387,
        "0,0,0,25": 1.4521812147438342,
        "0,0,0,26": 1.5995795712051297,
        "0,0,0,27": 1.7469779276664257,