{
    "width": [
        2,
        2,
        2,
        1
    ],
    "depth": 4,
    "degree": 3,
    "coefs_size": 18,
    "knots_size": 22,
    "num_inputs_dict": {
        "0": 2,
        "1": 2,
        "2": 2
    },
    "num_outputs_dict": {
        "0": 2,
        "1": 2,
        "2": 1
    },
    "coefs_dict": {
        "0,0,0,0": 0.13393318462676865,
        "0,0,0,1": 0.23417854219431017,
        "0,0,0,2": 0.24352029247796175,
        "0,0,0,3": 0.2568664370055296,
        "0,0,0,4": 0.24709311444716953,
        "0,0,0,5": 0.21301203116350798,
        "0,0,0,6": 0.1675047348010559,
        "0,0,0,7": 0.10984258133549818,
        "0,0,0,8": 0.12306280132624123,
        "0,0,0,9": 0.8020048348843195,
        "0,0,0,10": 1.5493570657060918,
        "0,0,0,11": 1.7620778911616606,
        "0,0,0,12": 1.54900034719773,
        "0,0,0,13": 1.462008136095338,
        "0,0,0,14": 1.1892199774160765,
        "0,0,0,15": 0.9336296964307153,
        "0,0,0,16": 0.570552368004479,
        "0,0,0,17": 0.03838672007170835,
        "0,0,1,0": 0.3083860133156548,
        "0,0,1,1": 0.8538828763283326,
        "0,0,1,2": 1.1314080669025697,
        "0,0,1,3": 0.5792777076947728,
        "0,0,1,4": 0.4560615084842599,
        "0,0,1,5": 0.400496108662651,
        "0,0,1,6": 0.3234165398200833,
        "0,0,1,7": 0.33236757432574826,
        "0,0,1,8": 0.3313749864218967,
        "0,0,1,9": 0.3341790025488428,
        "0,0,1,10": 0.38214803821801135,
        "0,0,1,11": 0.45584196716632425,
        "0,0,1,12": 0.48986412663399315,
        "0,0,1,13": 0.5328248213360609,
        "0,0,1,14": 0.6208997972393799,
        "0,0,1,15": 1.2679249909576207,
        "0,0,1,16": 0.7851061489110176,
        "0,0,1,17": 1.688810514070171,
        "0,1,0,0": -0.7433780408283678,
        "0,1,0,1": -0.9070583681369587,
        "0,1,0,2": -0.8250714337074324,
        "0,1,0,3": -0.8338352859553532,
        "0,1,0,4": -0.6213159136180472,
        "0,1,0,5": -0.5729217414298253,
        "0,1,0,6": -0.13899165040140035,
        "0,1,0,7": 0.7146520692161892,
        "0,1,0,8": 1.4700991714210068,
        "0,1,0,9": 1.8902096005077857,
        "0,1,0,10": 1.3509319806997606,
        "0,1,0,11": 0.8771569356899193,
        "0,1,0,12": 0.6680272101186354,
        "0,1,0,13": 0.4621593929818229,
        "0,1,0,14": -0.31750245604181593,
        "0,1,0,15": -1.1808088218347224,
        "0,1,0,16": -0.4544102914723252,
        "0,1,0,17": -0.5107473272093064,
        "0,1,1,0": -0.8595986485120717,
        "0,1,1,1": -1.3869794568437714,
        "0,1,1,2": -1.162536540731609,
        "0,1,1,3": -1.085491026649843,
        "0,1,1,4": -0.5401635277466208,
        "0,1,1,5": -0.6892927349672926,
        "0,1,1,6": 0.9961490122845419,
        "0,1,1,7": 1.1454968893577793,
        "0,1,1,8": 0.9777398539939788,
        "0,1,1,9": 0.9888479945383821,
        "0,1,1,10": 0.9244398499236899,
        "0,1,1,11": 1.1519215191621928,
        "0,1,1,12": 1.3544353356286605,
        "0,1,1,13": 1.272239098306018,
        "0,1,1,14": 1.07777133801621,
        "0,1,1,15": 0.8909576778554216,
        "0,1,1,16": 0.6937239129494087,
        "0,1,1,17": 0.2542288626914368,
        "1,0,0,0": -1.0793475044476855,
        "1,0,0,1": -0.5299250313345657,
        "1,0,0,2": 0.4142726445077277,
        "1,0,0,3": 0.24296582317839574,
        "1,0,0,4": 0.27237569089085495,
        "1,0,0,5": 0.2713134718709444,
        "1,0,0,6": 0.30208855017989744,
        "1,0,0,7": 0.32274963938238477,
        "1,0,0,8": 0.43801149337114836,
        "1,0,0,9": 0.5035091758947463,
        "1,0,0,10": 0.5696537520531618,
        "1,0,0,11": 0.8953734015826987,
        "1,0,0,12": 0.9825404737367773,
        "1,0,0,13": 2.0199956980620972,
        "1,0,0,14": 2.1139409955720474,
        "1,0,0,15": 2.243498877367273,
        "1,0,0,16": 0.816754804728189,
        "1,0,0,17": -1.7164021118000232,
        "1,0,1,0": -1.3298738083320443,
        "1,0,1,1": 1.3433084784454945,
        "1,0,1,2": -0.2641628267221863,
        "1,0,1,3": -0.8863300806753567,
        "1,0,1,4": -0.6021102035998764,
        "1,0,1,5": 0.3820960357985028,
        "1,0,1,6": 0.8858044611179876,
        "1,0,1,7": 1.0369969855885262,
        "1,0,1,8": 1.4333644648234662,
        "1,0,1,9": 0.05595906707523934,
        "1,0,1,10": 1.3477889095675473,
        "1,0,1,11": -3.966466056069649,
        "1,0,1,12": -2.6080805804094602,
        "1,0,1,13": -0.6056832947006479,
        "1,0,1,14": 2.1594801536851325,
        "1,0,1,15": -0.0756583206818532,
        "1,0,1,16": -0.871084952553094,
        "1,0,1,17": -0.12015624054492635,
        "1,1,0,0": 3.0034771836581635,
        "1,1,0,1": -0.30892997736465305,
        "1,1,0,2": 0.13620416690074486,
        "1,1,0,3": 0.04231869962736134,
        "1,1,0,4": 0.035609125231402285,
        "1,1,0,5": -0.002287756387758686,
        "1,1,0,6": -0.02427365825239694,
        "1,1,0,7": -0.049724563984847314,
        "1,1,0,8": -0.06737057191624846,
        "1,1,0,9": -0.07744387950704563,
        "1,1,0,10": -0.11134903566378836,
        "1,1,0,11": -0.0395794577957058,
        "1,1,0,12": -0.07657173614550798,
        "1,1,0,13": 0.4450692721192794,
        "1,1,0,14": 0.45700435154811403,
        "1,1,0,15": 0.5029918583675441,
        "1,1,0,16": -0.3677113151285308,
        "1,1,0,17": -0.6777894639583332,
        "1,1,1,0": 1.4051327416017134,
        "1,1,1,1": -1.5155642195465011,
        "1,1,1,2": -1.2944512629414058,
        "1,1,1,3": -1.9067776224864208,
        "1,1,1,4": -1.4685915268971357,
        "1,1,1,5": -0.8349177117765344,
        "1,1,1,6": -0.4721325333482043,
        "1,1,1,7": -0.17550711335603397,
        "1,1,1,8": 0.24090330766265503,
        "1,1,1,9": -0.10576745758791993,
        "1,1,1,10": 0.9662202039195185,
        "1,1,1,11": -1.046667740258601,
        "1,1,1,12": 0.13846582978851904,
        "1,1,1,13": 1.920105534294838,
        "1,1,1,14": 4.901024608115309,
        "1,1,1,15": 3.3941062654902643,
        "1,1,1,16": 2.5378306010437734,
        "1,1,1,17": -3.2319393224482447,
        "2,0,0,0": -3.398923065531292,
        "2,0,0,1": -2.7209383035839587,
        "2,0,0,2": -2.9663528806232797,
        "2,0,0,3": -1.7955266845380586,
        "2,0,0,4": -0.6602141281582775,
        "2,0,0,5": 0.8638420493250413,
        "2,0,0,6": 1.7596568073744794,
        "2,0,0,7": 1.144075534433247,
        "2,0,0,8": 2.482888320951863,
        "2,0,0,9": 1.96988943338828,
        "2,0,0,10": 2.3239887881673935,
        "2,0,0,11": 1.6214609737776613,
        "2,0,0,12": 1.3601676375669427,
        "2,0,0,13": 0.8689513441868092,
        "2,0,0,14": 0.5530854000540538,
        "2,0,0,15": 0.34552086166499457,
        "2,0,0,16": -0.2087747241549168,
        "2,0,0,17": 0.21226590642580448,
        "2,0,1,0": 0.6072711623731785,
        "2,0,1,1": 1.4277463221777535,
        "2,0,1,2": 1.963869012359771,
        "2,0,1,3": 0.7141805090462634,
        "2,0,1,4": -0.8168518243588404,
        "2,0,1,5": -1.7732089814353589,
        "2,0,1,6": -0.7917114423493675,
        "2,0,1,7": -0.9865412165695341,
        "2,0,1,8": -1.2121516910942036,
        "2,0,1,9": -0.7640491707078122,
        "2,0,1,10": -0.8304938028866482,
        "2,0,1,11": -0.2079161050742552,
        "2,0,1,12": 0.13638630073779745,
        "2,0,1,13": 0.5292261285778488,
        "2,0,1,14": 0.7922064299592665,
        "2,0,1,15": 1.3025913048282831,
        "2,0,1,16": 1.7498474294069062,
        "2,0,1,17": 1.702932235609598
    },
    "knots_dict": {
        "0,0,0,0": -2.4980947384188883,
        "0,0,0,1": -2.262257368080815,
        "0,0,0,2": -2.026419997742742,
        "0,0,0,3": -1.7905826274046688,
        "0,0,0,4": -1.5547452570665958,
        "0,0,0,5": -1.3189078867285229,
        "0,0,0,6": -1.0830705163904497,
        "0,0,0,7": -0.847233146052377,
        "0,0,0,8": -0.611395775714304,
        "0,0,0,9": -0.37555840537623086,
        "0,0,0,10": -0.13972103503815791,