{
    "width": [
        2,
        2,
        1
    ],
    "depth": 3,
    "degree": 3,
    "coefs_size": 12,
    "knots_size": 16,
    "num_inputs_dict": {
        "0": 2,
        "1": 2
    },
    "num_outputs_dict": {
        "0": 2,
        "1": 1
    },
    "coefs_dict": {
        "0,0,0,0": 1.3397665488363433,
        "0,0,0,1": 1.3936521599934562,
        "0,0,0,2": 1.4686990038336003,
        "0,0,0,3": 1.3760073135067559,
        "0,0,0,4": 1.2319169571796906,
        "0,0,0,5": 1.1515506143066543,
        "0,0,0,6": 1.1377726300532724,
        "0,0,0,7": 1.8407946844757175,
        "0,0,0,8": 2.172666385965188,
        "0,0,0,9": 1.2170831471730512,
        "0,0,0,10": 0.6160884610061017,
        "0,0,0,11": 0.10562868504532126,
        "0,0,1,0": 1.461222838835281,
        "0,0,1,1": 1.7323885338965335,
        "0,0,1,2": 1.7034421435606122,
        "0,0,1,3": 1.8228272910893717,
        "0,0,1,4": -0.245787536962057,
        "0,0,1,5": -2.019563194349083,
        "0,0,1,6": 0.15402541618000967,
        "0,0,1,7": 1.4998929394304252,
        "0,0,1,8": 2.3747680753047873,
        "0,0,1,9": 1.6242458916233193,
        "0,0,1,10": 0.23823720387064282,
        "0,0,1,11": 0.10227865892731612,
        "0,1,0,0": 0.35593651932794773,
        "0,1,0,1": 0.9148661472598609,
        "0,1,0,2": 0.869989079131469,
        "0,1,0,3": 0.9938647620148318,
        "0,1,0,4": 0.9492009597358247,
        "0,1,0,5": 0.6957842734689995,
        "0,1,0,6": 0.23885508978487416,
        "0,1,0,7": -0.3933288262412585,
        "0,1,0,8": -1.1836150219736001,
        "0,1,0,9": -2.104280389224766,
        "0,1,0,10": -3.0689594253638965,
        "0,1,0,11": -4.08834392381666,
        "0,1,1,0": -1.5480459979932963,
        "0,1,1,1": 0.23016046945088872,
        "0,1,1,2": 1.26624542465805,
        "0,1,1,3": 0.8244174609309624,
        "0,1,1,4": 1.39721810249025,
        "0,1,1,5": 1.4283607477509375,
        "0,1,1,6": 0.9270749827481397,
        "0,1,1,7": 0.6975839842734501,
        "0,1,1,8": 0.34797983529946247,
        "0,1,1,9": -0.30022904883440676,
        "0,1,1,10": -0.9757118124418784,
        "0,1,1,11": -1.8463077453867955,
        "1,0,0,0": 0.08408277208233096,
        "1,0,0,1": -2.2825498946478993,
        "1,0,0,2": -2.1190940618148737,
        "1,0,0,3": -2.0313719737064515,
        "1,0,0,4": -1.8858190255334162,
        "1,0,0,5": -1.7703327539371922,
        "1,0,0,6": -1.724357993136879,
        "1,0,0,7": -1.6546593198509283,
        "1,0,0,8": -1.620395804567815,
        "1,0,0,9": -1.5074765980981077,
        "1,0,0,10": -1.3884770149617192,
        "1,0,0,11": -1.415304912255293,
        "1,0,1,0": 2.9827298150134482,
        "1,0,1,1": 2.8748714530305195,
        "1,0,1,2": 2.873110674567023,
        "1,0,1,3": 2.8852821884076,
        "1,0,1,4": 2.871380383031349,
        "1,0,1,5": 2.8325512204189947,
        "1,0,1,6": 2.7870450370464734,
        "1,0,1,7": 2.830089516552199,
        "1,0,1,8": 2.661054647253145,
        "1,0,1,9": 2.8478359269447338,
        "1,0,1,10": 2.8640250581330258,
        "1,0,1,11": 5.513431776762772
    },
    "knots_dict": {
        "0,0,0,0": -2.9697694790950337,
        "0,0,0,1": -2.5767071951982454,
        "0,0,0,2": -2.183644911301457,
        "0,0,0,3": -1.7905826274046688,
        "0,0,0,4": -1.3975203435078805,
        "0,0,0,5": -1.0044580596110921,
        "0,0,0,6": -0.611395775714304,
        "0,0,0,7": -0.2183334918175157,
        "0,0,0,8": 0.1747287920792726,
        "0,0,0,9": 0.5677910759760607,
        "0,0,0,10": 0.9608533598728486,
        "0,0,0,11": 1.3539156437696374,
        "0,0,0,12": 1.7469779276664257,
        "0,0,0,13": 2.140040211563214,
        "0,0,0,14": 2.5331024954600023,
        "0,0,0,15": 2.9261647793567906,
        "0,0,1,0": -2.8647450515973825,
        "0,0,1,1": -2.4761586713920463,
        "0,0,1,2": -2.08757229118671,
        "0,0,1,3": -1.6989859109813739,
        "0,0,1,4": -1.3103995307760377,
        "0,0,1,5": -0.9218131505707015,
        "0,0,1,6": -0.5332267703653653,
        "0,0,1,7": -0.14464039016002905,
        "0,0,1,8": 0.24394599004530715,
        "0,0,1,9": 0.6325323702506433,
        "0,0,1,10": 1.021118750455979,
        "0,0,1,11": 1.4097051306613158,
        "0,0,1,12": 1.798291510866652,
        "0,0,1,13": 2.186877891071988,
        "0,0,1,14": 2.5754642712773244,
        "0,0,1,15": 2.9640506514826606,
        "0,1,0,0": -2.9697694790950337,
        "0,1,0,1": -2.5767071951982454,
        "0,1,0,2": -2.183644911301457,
        "0,1,0,3": -1.7905826274046688,
        "0,1,0,4": -1.3975203435078805,
        "0,1,0,5": -1.0044580596110921,
        "0,1,0,6": -0.611395775714304,
        "0,1,0,7": -0.2183334918175157,
        "0,1,0,8": 0.1747287920792726,
        "0,1,0,9": 0.5677910759760607,
        "0,1,0,10": 0.9608533598728486,
        "0,1,0,11": 1.3539156437696374,
        "0,1,0,12": 1.7469779276664257,
        "0,1,0,13": 2.140040211563214,
        "0,1,0,14": 2.5331024954600023,
        "0,1,0,15": 2.9261647793567906,
        "0,1,1,0": -2.8647450515973825,
        "0,1,1,1": -2.4761586713920463,
        "0,1,1,2": -2.08757229118671,
        "0,1,1,3": -1.6989859109813739,
        "0,1,1,4": -1.3103995307760377,
        "0,1,1,5": -0.9218131505707015,
        "0,1,1,6": -0.5332267703653653,
        "0,1,1,7": -0.14464039016002905,
        "0,1,1,8": 0.24394599004530715,
        "0,1,1,9": 0.6325323702506433,
        "0,1,1,10": 1.021118750455979,
        "0,1,1,11": 1.4097051306613158,
        "0,1,1,12": 1.798291510866652,
        "0,1,1,13": 2.186877891071988,
        "0,1,1,14": 2.5754642712773244,
        "0,1,1,15": 2.9640506514826606,
        "1,0,0,0": -0.16182859247478865,
        "1,0,0,1": 1.0114796642784887,
        "1,0,0,2": 2.184787921031766,
        "1,0,0,3": 3.3580961777850433,
        "1,0,0,4": 4.53140443453832,
        "1,0,0,5": 5.704712691291597,
        "1,0,0,6": 6.878020948044875,
        "1,0,0,7": 8.05132920479815,
        "1,0,0,8": 9.224637461551431,
        "1,0,0,9": 10.397945718304706,
        "1,0,0,10": 11.571253975057983,
        "1,0,0,11": 12.74456223181126,
        "1,0,0,12": 13.917870488564539,
        "1,0,0,13": 15.091178745317816,
        "1,0,0,14": 16.264487002071093,
        "1,0,0,15": 17.43779525882437,
        "1,0,1,0": -2.6745947387580262,
        "1,0,1,1": -2.4601678991809743,
        "1,0,1,2": -2.2457410596039225,
        "1,0,1,3": -2.0313142200268706,
        "1,0,1,4": -1.816887380449819,
        "1,0,1,5": -1.6024605408727672,
        "1,0,1,6": -1.3880337012957156,
        "1,0,1,7": -1.173606861718664,
        "1,0,1,8": -0.959180022141612,
        "1,0,1,9": -0.7447531825645606,
        "1,0,1,10": -0.5303263429875089,
        "1,0,1,11": -0.31589950341045725,
        "1,0,1,12": -0.10147266383340536,
        "1,0,1,13": 0.11295417574364633,
        "1,0,1,14": 0.327381015320698,
        "1,0,1,15": 0.5418078548977497
    },
    "scale_sp_dict": {
        "0,0,0": 2.0672846636799935,
        "0,0,1": 0.23513535075992187,
        "0,1,0": 5.344281207480538,
        "0,1,1": 0.6240514141371266,
        "1,0,0": 14.812737758107112,
        "1,0,1": 10.849005812357815
    },
    "scale_base_dict": {
        "0,0,0": 2.68443091030732,
        "0,0,1": 3.9570704276298705,
        "0,1,0": 12.48731634324112,
        "0,1,1": 0.8306681084914297,
        "1,0,0": -1.014161058565825,
        "1,0,1": 1.832799009485046
    },
    "biases_dict": {
        "0,0": 2.4378728146244475,
        "0,1": -3.2732878746108676,
        "1,0": 4.893369701879297
    },
    "input_lb_dict": {
        "0,0,0": -1.7905826274046688,
        "0,0,1": -1.6989859109813739,
        "0,1,0": -1.7905826274046688,
        "0,1,1": -1.6989859109813739,
        "1,0,0": 3.3580961777850433,
        "1,0,1": -2.0313142200268706
    },
    "input_ub_dict": {
        "0,0,0": 1.7469779276664257,
        "0,0,1": 1.798291510866652,
        "0,1,0": 1.7469779276664257,