{
    "width": [
        2,
        2,
        1
    ],
    "depth": 3,
    "degree": 3,
    "coefs_size": 30,
    "knots_size": 34,
    "num_inputs_dict": {
        "0": 2,
        "1": 2
    },
    "num_outputs_dict": {
        "0": 2,
        "1": 1
    },
    "coefs_dict": {
        "0,0,0,0": 1.6214179770344082,
        "0,0,0,1": 0.966650689305096,
        "0,0,0,2": 1.0092059237575877,
        "0,0,0,3": 0.9980718229098241,
        "0,0,0,4": 0.9249312478515626,
        "0,0,0,5": 1.0406608710919922,
        "0,0,0,6": 0.6697806818576947,
        "0,0,0,7": 0.6349510974040535,
        "0,0,0,8": 0.34171401047839217,
        "0,0,0,9": 0.41515830212902904,
        "0,0,0,10": 0.42562839143284553,
        "0,0,0,11": 0.48445731032085726,
        "0,0,0,12": 0.5036896749938238,
        "0,0,0,13": 0.5240115369261844,
        "0,0,0,14": 0.6017536274433251,
        "0,0,0,15": 0.7311686078535381,
        "0,0,0,16": 0.7020297323988047,
        "0,0,0,17": 0.8271434445780791,
        "0,0,0,18": 0.8935512535722231,
        "0,0,0,19": 1.4968082386462158,
        "0,0,0,20": 1.886810523512237,
        "0,0,0,21": 1.8720235893608816,
        "0,0,0,22": 2.0483512726642013,
        "0,0,0,23": 1.9479678768136626,
        "0,0,0,24": 2.277431528320078,
        "0,0,0,25": 1.675997548919948,
        "0,0,0,26": 2.060805410518671,
        "0,0,0,27": 2.0007483638744423,
        "0,0,0,28": 2.4049166681866194,
        "0,0,0,29": 0.7117752490988654,
        "0,0,1,0": 0.06453368035459554,
        "0,0,1,1": 1.3746991841583622,
        "0,0,1,2": 1.2024571382737235,
        "0,0,1,3": 0.9425665356154344,
        "0,0,1,4": 1.5294168300250859,
        "0,0,1,5": 1.066118348676698,
        "0,0,1,6": 1.2315665204761082,
        "0,0,1,7": 1.242163653547697,
        "0,0,1,8": 0.9692256394890006,
        "0,0,1,9": 0.7217024687249171,
        "0,0,1,10": 0.35316477540996993,
        "0,0,1,11": 0.30190413160849,
        "0,0,1,12": 0.14819158282741662,
        "0,0,1,13": 0.4732439558779356,
        "0,0,1,14": -0.05655775967817792,
        "0,0,1,15": 0.5347108374762051,
        "0,0,1,16": -0.12700144603360594,
        "0,0,1,17": -0.36671430116931353,
        "0,0,1,18": -0.3164105271593387,
        "0,0,1,19": 1.806321034633311,
        "0,0,1,20": 2.7958180662524272,
        "0,0,1,21": 1.9653852115946508,
        "0,0,1,22": 1.885578343585761,
        "0,0,1,23": 1.1533934029756938,
        "0,0,1,24": 0.850415483109424,
        "0,0,1,25": 2.313877861824871,
        "0,0,1,26": 1.340769157318738,
        "0,0,1,27": 1.2925087032726548,
        "0,0,1,28": 0.4421307838417387,
        "0,0,1,29": -0.3286857623372855,
        "0,1,0,0": 0.8739702990718002,
        "0,1,0,1": 0.7599766451349688,
        "0,1,0,2": 0.7994507775347105,
        "0,1,0,3": 0.811843580915313,
        "0,1,0,4": 0.8273326244825682,
        "0,1,0,5": 0.8309843157827311,
        "0,1,0,6": 0.8220986564276889,
        "0,1,0,7": 1.198029641518668,
        "0,1,0,8": 1.2866427887489802,
        "0,1,0,9": 1.2265563261101902,
        "0,1,0,10": 1.1656907180783682,
        "0,1,0,11": 0.8342157903588404,
        "0,1,0,12": 0.7056575859311033,
        "0,1,0,13": 0.6203343263352815,
        "0,1,0,14": 0.48417645917403784,
        "0,1,0,15": 0.353643264977569,
        "0,1,0,16": 0.18552253247351483,
        "0,1,0,17": 0.01283836654774674,
        "0,1,0,18": -0.15239691381383838,
        "0,1,0,19": -0.36688108802427233,
        "0,1,0,20": -0.5710384928713386,
        "0,1,0,21": -0.8112698957843544,
        "0,1,0,22": -1.0507847707629916,
        "0,1,0,23": -1.310707355200721,
        "0,1,0,24": -1.5506688584320771,
        "0,1,0,25": -1.665748318957391,
        "0,1,0,26": -1.948955110965158,
        "0,1,0,27": -2.257816897466978,
        "0,1,0,28": -2.5618107512659676,
        "0,1,0,29": -2.6707462353932696,
        "0,1,1,0": 0.018965245182285755,
        "0,1,1,1": -2.09408672482165,
        "0,1,1,2": -1.5748665687690933,
        "0,1,1,3": -1.700277228256611,
        "0,1,1,4": -1.3276391495522013,
        "0,1,1,5": 0.1873716844824835,
        "0,1,1,6": 0.11770889305318967,
        "0,1,1,7": 0.12577394127010572,
        "0,1,1,8": 0.04335301821330317,
        "0,1,1,9": 0.1951849923467662,
        "0,1,1,10": 0.2570700836778186,
        "0,1,1,11": 0.48753300708868347,
        "0,1,1,12": 0.7890648183350043,
        "0,1,1,13": 0.7446702884027363,
        "0,1,1,14": 0.694125048619612,
        "0,1,1,15": 0.6120577016343136,
        "0,1,1,16": 0.5989873639342367,
        "0,1,1,17": 0.5759581945837013,
        "0,1,1,18": 0.6728597174835389,
        "0,1,1,19": 0.3826383564884357,
        "0,1,1,20": 0.338172472370962,
        "0,1,1,21": 0.26276018670463797,
        "0,1,1,22": 0.21477382764767863,
        "0,1,1,23": 0.09007154489687828,
        "0,1,1,24": 0.08549584118602517,
        "0,1,1,25": -0.20946195959063943,
        "0,1,1,26": -0.609612305074711,
        "0,1,1,27": -0.7813365452860661,
        "0,1,1,28": -0.9626276268543033,
        "0,1,1,29": 0.4485622623483638,
        "1,0,0,0": -1.53349968681787,
        "1,0,0,1": 0.1676798881627402,
        "1,0,0,2": -0.06461876287596058,
        "1,0,0,3": -0.07985961924573093,
        "1,0,0,4": -0.1861537407360192,
        "1,0,0,5": -0.06870477485499095,
        "1,0,0,6": -0.1713910700969497,
        "1,0,0,7": -0.08955107395921667,
        "1,0,0,8": -0.11612274192755598,
        "1,0,0,9": -0.14566772389943444,
        "1,0,0,10": -0.10598560782767649,
        "1,0,0,11": -0.1663554681241887,
        "1,0,0,12": -0.09268474564691563,
        "1,0,0,13": -0.20582335112147296,
        "1,0,0,14": 0.07394895771513951,
        "1,0,0,15": -0.09789965343550776,
        "1,0,0,16": -0.22708546583234623,
        "1,0,0,17": -0.0785383720896065,
        "1,0,0,18": -0.25686867836724836,
        "1,0,0,19": -0.15833294397285466,
        "1,0,0,20": -0.26913436344745906,
        "1,0,0,21": -0.2134506788733335,
        "1,0,0,22": -0.24077405599103757,
        "1,0,0,23": -0.26261840746273285,
        "1,0,0,24": -0.25171284327866095,
        "1,0,0,25": -0.30053412755576137,
        "1,0,0,26": -0.28662295493449524,
        "1,0,0,27": -0.4310643492551315,
        "1,0,0,28": -0.2339972789815878,
        "1,0,0,29": -0.8047942749599941,
        "1,0,1,0": -4.680620105202887,
        "1,0,1,1": 0.6467400355336782,
        "1,0,1,2": -0.3197628442158225,
        "1,0,1,3": 0.337882293322281,
        "1,0,1,4": -0.11627003077265194,
        "1,0,1,5": 0.5882208643094178,
        "1,0,1,6": -0.04802357702773722,
        "1,0,1,7": 0.7568514584304867,
        "1,0,1,8": -0.2510986419044551,
        "1,0,1,9": 0.012030916499103397,
        "1,0,1,10": 0.3153057420699539,
        "1,0,1,11": -0.4641448094915656,
        "1,0,1,12": 0.49118859909874113,
        "1,0,1,13": -2.0131254717172857,
        "1,0,1,14": 0.6879688451616782,
        "1,0,1,15": 0.1489699563599367,
        "1,0,1,16": 2.0298893276610217,
        "1,0,1,17": -0.267683452610228,
        "1,0,1,18": 0.7191544744354238,
        "1,0,1,19": 0.25313715489738636,
        "1,0,1,20": 0.3775610380352497,
        "1,0,1,21": 0.34944000288978583,
        "1,0,1,22": 0.15587650890557952,
        "1,0,1,23": 0.17974517697685385,
        "1,0,1,24": -0.10240998405226777,
        "1,0,1,25": -0.2737383896527313,
        "1,0,1,26": 0.3092761684465835,
        "1,0,1,27": -1.4240519304693584,
        "1,0,1,28": -0.35432414817086394,
        "1,0,1,29": 3.985423473892836
    },
    "knots_dict": {
        "0,0,0,0": -2.183644911301457,
        "0,0,0,1": -2.0526241500025275,
        "0,0,0,2": -1.9216033887035981,
        "0,0,0,3": -1.7905826274046688,
        "0,0,0,4": -1.6595618661057394,
        "0,0,0,5": -1.52854110480681,
        "0,0,0,6": -1.3975203435078805,
        "0,0,0,7": -1.266499582208951,
        "0,0,0,8": -1.1354788209100217,
        "0,0,0,9": -1.0044580596110921,
        "0,0,0,10": -0.8734372983121629,