{
    "mean_input": [
        [
            0.035801338818143194,
            -0.08926378890298807
        ]
    ],
    "std_input": [
        [
            1.7027993424323016,
            1.7219754131004454
        ]
    ],
    "mean_label": [
        [
            0.3641824770782581
        ]
    ],
    "std_label": [
        [
            1.9235490648561706
        ]
    ]
}