{
    "mean_input": [
        [
            0.01758633633410758,
            -0.0018499019490597001,
            -0.0033049219650568775,
            -0.009288870875430524,
            -0.004813759729158312,
            -0.0016770870826151414,
            0.0019039266581174874,
            0.00886702946463715,
            0.001825442767208569,
            0.0011116586054819666
        ]
    ],
    "std_input": [
        [
            1.183134810301072,
            1.1847512197142536,
            1.1865636322637256,
            1.1865446841798115,
            1.1818385117429628,
            1.1889097678654141,
            1.1767601602208677,
            1.179531334455898,
            1.181448868529225,
            1.179489327711477
        ]
    ],
    "mean_label": [
        [
            4453.670858232858
        ]
    ],
    "std_label": [
        [
            2195.1396453925904
        ]
    ]
}