{
    "mean_input": [
        [
            -0.032212584072930546,
            0.041069570755708745,
            -0.008167971903433187
        ]
    ],
    "std_input": [
        [
            1.1820050972453957,
            1.1829802422633118,
            1.182127568480232
        ]
    ],
    "mean_label": [
        [
            981.2776620620748
        ]
    ],
    "std_label": [
        [
            970.2191877107767
        ]
    ]
}