{
    "mean_input": [
        [
            0.003910886333986257,
            0.040581535671445436,
            -0.007639655534799856,
            -0.0015423189556109812,
            0.003935472016709817
        ]
    ],
    "std_input": [
        [
            1.1796167609850992,
            1.1906582391996827,
            1.1875939143242935,
            1.1834323270778877,
            1.1904312355434152
        ]
    ],
    "mean_label": [
        [
            1975.955959593862
        ]
    ],
    "std_label": [
        [
            1439.6298856740555
        ]
    ]
}