{
    "width": [
        3,
        2,
        1
    ],
    "depth": 3,
    "degree": 3,
    "coefs_size": 18,
    "knots_size": 22,
    "num_inputs_dict": {
        "0": 3,
        "1": 2
    },
    "num_outputs_dict": {
        "0": 2,
        "1": 1
    },
    "coefs_dict": {
        "0,0,0,0": -0.7570188419118479,
        "0,0,0,1": -0.9286693546705789,
        "0,0,0,2": -0.7436968906497855,
        "0,0,0,3": -0.26678274977703753,
        "0,0,0,4": 0.2166879489223305,
        "0,0,0,5": 0.5926683149894852,
        "0,0,0,6": 0.7671476160210794,
        "0,0,0,7": 0.7842922529014908,
        "0,0,0,8": 0.7099494867590591,
        "0,0,0,9": 0.5256350398638471,
        "0,0,0,10": 0.28862697611824717,
        "0,0,0,11": 0.04513583429723733,
        "0,0,0,12": -0.0661965179559539,
        "0,0,0,13": 0.012308725402834416,
        "0,0,0,14": 0.0012327299937175723,
        "0,0,0,15": -0.10913661544473421,
        "0,0,0,16": -0.1913714034620322,
        "0,0,0,17": -0.24818488662071547,
        "0,0,1,0": 0.5983855590760976,
        "0,0,1,1": 0.26137757402882267,
        "0,0,1,2": -0.033109766086977355,
        "0,0,1,3": -0.2881303668494136,
        "0,0,1,4": -0.5045034611956909,
        "0,0,1,5": -0.6858055055306548,
        "0,0,1,6": -0.831760005483895,
        "0,0,1,7": -0.9448823605354869,
        "0,0,1,8": -1.0269373687628214,
        "0,0,1,9": -1.0774784342012405,
        "0,0,1,10": -1.0981488786827236,
        "0,0,1,11": -1.086427060934497,
        "0,0,1,12": -1.042732391464522,
        "0,0,1,13": -0.9647596302099866,
        "0,0,1,14": -0.8518482923269214,
        "0,0,1,15": -0.7007889985518454,
        "0,0,1,16": -0.5113909411697213,
        "0,0,1,17": -0.27987040903615185,
        "0,0,2,0": 0.748595331692891,
        "0,0,2,1": 0.5469502282350589,
        "0,0,2,2": 0.35449949282860777,
        "0,0,2,3": 0.1695789733323338,
        "0,0,2,4": -0.00367945690198751,
        "0,0,2,5": -0.16151536616188633,
        "0,0,2,6": -0.3017234999857593,
        "0,0,2,7": -0.41920742598796484,
        "0,0,2,8": -0.5121969137516077,
        "0,0,2,9": -0.5788331471347552,
        "0,0,2,10": -0.6211748682298913,
        "0,0,2,11": -0.63652414765391,
        "0,0,2,12": -0.6324015965152288,
        "0,0,2,13": -0.6104859598747692,
        "0,0,2,14": -0.5714766691132923,
        "0,0,2,15": -0.5223483107049772,
        "0,0,2,16": -0.47016094174576273,
        "0,0,2,17": -0.3709960533259009,
        "0,1,0,0": 0.6473159988837968,
        "0,1,0,1": 0.3501816780317206,
        "0,1,0,2": 0.08879749176161073,
        "0,1,0,3": -0.13763754731564354,
        "0,1,0,4": -0.3307777578443614,
        "0,1,0,5": -0.4926114420401993,
        "0,1,0,6": -0.6233791514751243,
        "0,1,0,7": -0.725174912040593,
        "0,1,0,8": -0.7990185314316037,
        "0,1,0,9": -0.8449961572479704,
        "0,1,0,10": -0.8640857796563609,
        "0,1,0,11": -0.8541736788158699,
        "0,1,0,12": -0.8165948409189515,
        "0,1,0,13": -0.7467356000955299,
        "0,1,0,14": -0.6451257555195841,
        "0,1,0,15": -0.5094523934151721,
        "0,1,0,16": -0.3385232048613731,
        "0,1,0,17": -0.13157998073486898,
        "0,1,1,0": 0.8616154759257433,
        "0,1,1,1": 0.667074142508768,
        "0,1,1,2": 0.4677754423274568,
        "0,1,1,3": 0.27440187417205064,
        "0,1,1,4": 0.09179208382962017,
        "0,1,1,5": -0.07761129322306674,
        "0,1,1,6": -0.22896043748333506,
        "0,1,1,7": -0.3610048023241242,
        "0,1,1,8": -0.46819427823623766,
        "0,1,1,9": -0.5521291893932037,
        "0,1,1,10": -0.6097631334017897,
        "0,1,1,11": -0.6449594288456029,
        "0,1,1,12": -0.6581441172915343,
        "0,1,1,13": -0.6524184033645934,
        "0,1,1,14": -0.63313361408882,
        "0,1,1,15": -0.600784348132381,
        "0,1,1,16": -0.5604425539011548,
        "0,1,1,17": -0.5251102977457356,
        "0,1,2,0": 0.5541646761765857,
        "0,1,2,1": 0.5582659253269912,
        "0,1,2,2": 0.4707950874233697,
        "0,1,2,3": 0.3575702658724588,
        "0,1,2,4": 0.2346921379899335,
        "0,1,2,5": 0.058548638697223154,
        "0,1,2,6": -0.17480147545260755,
        "0,1,2,7": -0.38078327617270497,
        "0,1,2,8": -0.515928382772633,
        "0,1,2,9": -0.6469435979377938,
        "0,1,2,10": -0.7673205895257398,
        "0,1,2,11": -0.810836067392862,
        "0,1,2,12": -0.7495333354995296,
        "0,1,2,13": -0.6320991787990353,
        "0,1,2,14": -0.4815080279826729,
        "0,1,2,15": -0.33033613601458034,
        "0,1,2,16": -0.17270776824701736,
        "0,1,2,17": -0.023647977384602333,
        "1,0,0,0": -0.4916457314177905,
        "1,0,0,1": -0.8144112548128948,
        "1,0,0,2": -1.0963481718100079,
        "1,0,0,3": -1.323229593795751,
        "1,0,0,4": -1.5061523295985173,
        "1,0,0,5": -1.647349048965431,
        "1,0,0,6": -1.7518502104408438,
        "1,0,0,7": -1.825017303148438,
        "1,0,0,8": -1.8683744625764598,
        "1,0,0,9": -1.8875487397511717,
        "1,0,0,10": -1.8824531123337114,
        "1,0,0,11": -1.8553727728260707,
        "1,0,0,12": -1.805276715048788,
        "1,0,0,13": -1.7321618164361314,
        "1,0,0,14": -1.632253738121596,
        "1,0,0,15": -1.502966049206422,
        "1,0,0,16": -1.344252636774822,
        "1,0,0,17": -1.1498722244094226,
        "1,0,1,0": 0.272774599762853,
        "1,0,1,1": 0.08504516971154928,
        "1,0,1,2": -0.055813007676840075,
        "1,0,1,3": -0.16076324028935032,
        "1,0,1,4": -0.23122697601491052,
        "1,0,1,5": -0.27576778137276947,
        "1,0,1,6": -0.29826244987414663,
        "1,0,1,7": -0.30493586325006133,
        "1,0,1,8": -0.3005452172773766,
        "1,0,1,9": -0.28753809418959875,
        "1,0,1,10": -0.2683025867453545,
        "1,0,1,11": -0.24223089628533181,
        "1,0,1,12": -0.2060981774592308,
        "1,0,1,13": -0.15832851345726395,
        "1,0,1,14": -0.09304957522287367,
        "1,0,1,15": -0.005037186507590965,
        "1,0,1,16": 0.11607930074995595,
        "1,0,1,17": 0.2732589350670598
    },
    "knots_dict": {
        "0,0,0,0": -2.41008384973662,
        "0,0,0,1": -2.178070158088515,
        "0,0,0,2": -1.94605646644041,
        "0,0,0,3": -1.7140427747923053,
        "0,0,0,4": -1.4820290831442005,
        "0,0,0,5": -1.2500153914960956,
        "0,0,0,6": -1.0180016998479906,
        "0,0,0,7": -0.7859880081998859,
        "0,0,0,8": -0.5539743165517812,
        "0,0,0,9": -0.32196062490367616,
        "0,0,0,10": -0.08994693325557135,
        "0,0,0,11": 0.14206675839253347,
        "0,0,0,12": 0.37408045004063806,
        "0,0,0,13": 0.6060941416887429,
        "0,0,0,14": 0.8381078333368477,
        "0,0,0,15": 1.070121524984953,
        "0,0,0,16": 1.3021352166330578,
        "0,0,0,17": 1.5341489082811626,
        "0,0,0,18": 1.7661625999292674,
        "0,0,0,19": 1.9981762915773722,
        "0,0,0,20": 2.2301899832254772,
        "0,0,0,21": 2.462203674873582,
        "0,0,1,0": -2.4715462639360926,
        "0,0,1,1": -2.239551222330595,
        "0,0,1,2": -2.0075561807250972,
        "0,0,1,3": -1.7755611391195993,
        "0,0,1,4": -1.5435660975141017,
        "0,0,1,5": -1.3115710559086038,
        "0,0,1,6": -1.0795760143031061,
        "0,0,1,7": -0.8475809726976085,
        "0,0,1,8": -0.6155859310921108,
        "0,0,1,9": -0.3835908894866129,
        "0,0,1,10": -0.15159584788111524,
        "0,0,1,11": 0.08039919372438242,
        "0,0,1,12": 0.3123942353298801,
        "0,0,1,13": 0.5443892769353778,
        "0,0,1,14": 0.7763843185408754,
        "0,0,1,15": 1.0083793601463735,
        "0,0,1,16": 1.2403744017518712,
        "0,0,1,17": 1.4723694433573689,
        "0,0,1,18": 1.7043644849628665,
        "0,0,1,19": 1.9363595265683642,
        "0,0,1,20": 2.168354568173862,
        "0,0,1,21": 2.4003496097793597,
        "0,0,2,0": -2.430627244506813,
        "0,0,2,1": -2.1984920434859685,