{
    "width": [
        3,
        2,
        1
    ],
    "depth": 3,
    "degree": 3,
    "coefs_size": 21,
    "knots_size": 25,
    "num_inputs_dict": {
        "0": 3,
        "1": 2
    },
    "num_outputs_dict": {
        "0": 2,
        "1": 1
    },
    "coefs_dict": {
        "0,0,0,0": -0.7019317545846238,
        "0,0,0,1": -0.9066197694830277,
        "0,0,0,2": -0.7919580970342192,
        "0,0,0,3": -0.40918892379053173,
        "0,0,0,4": -0.012131751019961954,
        "0,0,0,5": 0.21990542952436115,
        "0,0,0,6": 0.4425363610641583,
        "0,0,0,7": 0.5680661429619946,
        "0,0,0,8": 0.608600730594128,
        "0,0,0,9": 0.6532004538043342,
        "0,0,0,10": 0.5916624610737087,
        "0,0,0,11": 0.515237328931443,
        "0,0,0,12": 0.4133014161208856,
        "0,0,0,13": 0.22866862379480413,
        "0,0,0,14": 0.13504613648970548,
        "0,0,0,15": 0.1533983213983922,
        "0,0,0,16": 0.12158309300149733,
        "0,0,0,17": -0.017434033857228966,
        "0,0,0,18": -0.18796754514742123,
        "0,0,0,19": -0.2572124002715554,
        "0,0,0,20": -0.3452437541822602,
        "0,0,1,0": 0.540979646924343,
        "0,0,1,1": 0.26036217079595014,
        "0,0,1,2": 0.013395663899776363,
        "0,0,1,3": -0.2075905036923399,
        "0,0,1,4": -0.4001797056368388,
        "0,0,1,5": -0.5685164415646057,
        "0,0,1,6": -0.7114694757117269,
        "0,0,1,7": -0.8310643765417493,
        "0,0,1,8": -0.927142363910581,
        "0,0,1,9": -1.002037310599108,
        "0,0,1,10": -1.054894073092139,
        "0,0,1,11": -1.0867210639077751,
        "0,0,1,12": -1.097351261474635,
        "0,0,1,13": -1.085224055863816,
        "0,0,1,14": -1.0515637543088332,
        "0,0,1,15": -0.9934824732870594,
        "0,0,1,16": -0.9123371048378579,
        "0,0,1,17": -0.8051068659304027,
        "0,0,1,18": -0.6717340592833302,
        "0,0,1,19": -0.511267046541471,
        "0,0,1,20": -0.32201260615681093,
        "0,0,2,0": 0.7122906925224329,
        "0,0,2,1": 0.5486848826093097,
        "0,0,2,2": 0.38661679441951896,
        "0,0,2,3": 0.23111318214838641,
        "0,0,2,4": 0.0815896417679331,
        "0,0,2,5": -0.05750323499985022,
        "0,0,2,6": -0.18587295608997156,
        "0,0,2,7": -0.30123372027509326,
        "0,0,2,8": -0.400647359450111,
        "0,0,2,9": -0.48373998306112953,
        "0,0,2,10": -0.5479500093492302,
        "0,0,2,11": -0.5954986341303619,
        "0,0,2,12": -0.624549644054475,
        "0,0,2,13": -0.6359510796986882,
        "0,0,2,14": -0.6337502028264317,
        "0,0,2,15": -0.6188650811765454,
        "0,0,2,16": -0.5923884578001374,
        "0,0,2,17": -0.5543389842700186,
        "0,0,2,18": -0.5139643410247204,
        "0,0,2,19": -0.46684691305134274,
        "0,0,2,20": -0.38434225107053743,
        "0,1,0,0": 0.5849884166526567,
        "0,1,0,1": 0.3435384072749884,
        "0,1,0,2": 0.12808767334581397,
        "0,1,0,3": -0.06420812562951274,
        "0,1,0,4": -0.23299447467766266,
        "0,1,0,5": -0.38027397212505626,
        "0,1,0,6": -0.5061237192284065,
        "0,1,0,7": -0.6113314169321955,
        "0,1,0,8": -0.6967504680931966,
        "0,1,0,9": -0.7632756845942616,
        "0,1,0,10": -0.8109498329912924,
        "0,1,0,11": -0.8400409298642751,
        "0,1,0,12": -0.8508062284811668,
        "0,1,0,13": -0.8417217865760096,
        "0,1,0,14": -0.8140625804241274,
        "0,1,0,15": -0.7649147969607059,
        "0,1,0,16": -0.6939737328603357,
        "0,1,0,17": -0.6009593166819284,
        "0,1,0,18": -0.48429925185489753,
        "0,1,0,19": -0.34373446157197185,
        "0,1,0,20": -0.17874340283016507,
        "0,1,1,0": 0.8219438225497576,
        "0,1,1,1": 0.6621013867855342,
        "0,1,1,2": 0.49678155221681397,
        "0,1,1,3": 0.3351849601394529,
        "0,1,1,4": 0.1798961798459256,
        "0,1,1,5": 0.03313316803677148,
        "0,1,1,6": -0.10379795532206168,
        "0,1,1,7": -0.22763777799270596,
        "0,1,1,8": -0.33874491746673,
        "0,1,1,9": -0.4326904736520978,
        "0,1,1,10": -0.5107169822745028,
        "0,1,1,11": -0.5713586698978392,
        "0,1,1,12": -0.6148795446226902,
        "0,1,1,13": -0.6430256782590185,
        "0,1,1,14": -0.6554901114870488,
        "0,1,1,15": -0.656060400815694,
        "0,1,1,16": -0.6435272616564399,
        "0,1,1,17": -0.6254086377785755,
        "0,1,1,18": -0.5952150406930549,
        "0,1,1,19": -0.5657319919484448,
        "0,1,1,20": -0.5226898263301648,
        "0,1,2,0": 0.5667271047716702,
        "0,1,2,1": 0.5865309172485,
        "0,1,2,2": 0.5175995621844359,
        "0,1,2,3": 0.3805370970728324,
        "0,1,2,4": 0.29264110164377805,
        "0,1,2,5": 0.1720317936434712,
        "0,1,2,6": -0.0005071369550324131,
        "0,1,2,7": -0.2020824596449654,
        "0,1,2,8": -0.3991532973360989,
        "0,1,2,9": -0.4827062167608934,
        "0,1,2,10": -0.5660849366507029,
        "0,1,2,11": -0.669661250709441,
        "0,1,2,12": -0.7748944379724158,
        "0,1,2,13": -0.7992153028011549,
        "0,1,2,14": -0.7275832634928823,
        "0,1,2,15": -0.6613520824709435,
        "0,1,2,16": -0.5416846073184463,
        "0,1,2,17": -0.4512427438959887,
        "0,1,2,18": -0.31828629983886514,
        "0,1,2,19": -0.18407919446660378,
        "0,1,2,20": -0.05707701386348947,
        "1,0,0,0": -0.4764568464669303,
        "1,0,0,1": -0.7829443157501516,
        "1,0,0,2": -1.0185133466188605,
        "1,0,0,3": -1.2260011672852467,
        "1,0,0,4": -1.3947996832992398,
        "1,0,0,5": -1.537294574226457,
        "1,0,0,6": -1.6496915689232443,
        "1,0,0,7": -1.737921953995835,
        "1,0,0,8": -1.8035459828924356,
        "1,0,0,9": -1.8485334460436622,
        "1,0,0,10": -1.874561771365618,
        "1,0,0,11": -1.8844212091133896,
        "1,0,0,12": -1.8771707011755758,
        "1,0,0,13": -1.8546867529046913,
        "1,0,0,14": -1.816158473966642,
        "1,0,0,15": -1.7612045134900416,
        "1,0,0,16": -1.6893491418729956,
        "1,0,0,17": -1.5963662792178428,
        "1,0,0,18": -1.4855107732297643,
        "1,0,0,19": -1.3487939925385715,
        "1,0,0,20": -1.2082270297571858,
        "1,0,1,0": 0.22473328972599474,
        "1,0,1,1": 0.07374256216287439,
        "1,0,1,2": -0.04923391005468873,
        "1,0,1,3": -0.14760265069311077,
        "1,0,1,4": -0.22387329881034337,
        "1,0,1,5": -0.27939544243681635,
        "1,0,1,6": -0.3193271411184323,
        "1,0,1,7": -0.34383772291111014,
        "1,0,1,8": -0.3571650694947445,
        "1,0,1,9": -0.36059063174880335,
        "1,0,1,10": -0.35617348078865785,
        "1,0,1,11": -0.34394291132883115,
        "1,0,1,12": -0.3256347232110777,
        "1,0,1,13": -0.2994904459936753,
        "1,0,1,14": -0.26425932979818656,
        "1,0,1,15": -0.21960561483048105,
        "1,0,1,16": -0.16233317952773493,
        "1,0,1,17": -0.09121817277801418,
        "1,0,1,18": -0.0006378493038076562,
        "1,0,1,19": 0.11069950545696536,
        "1,0,1,20": 0.25335365635216517
    },
    "knots_dict": {
        "0,0,0,0": -2.2940770039125673,
        "0,0,0,1": -2.10073226087248,
        "0,0,0,2": -1.9073875178323927,
        "0,0,0,3": -1.7140427747923053,
        "0,0,0,4": -1.5206980317522178,
        "0,0,0,5": -1.3273532887121307,
        "0,0,0,6": -1.1340085456720432,
        "0,0,0,7": -0.9406638026319558,
        "0,0,0,8": -0.7473190595918684,
        "0,0,0,9": -0.5539743165517812,
        "0,0,0,10": -0.3606295735116938,
        "0,0,0,11": -0.16728483047160636,
        "0,0,0,12": 0.02605991256848106,
        "0,0,0,13": 0.21940465560856848,
        "0,0,0,14": 0.41274939864865545,
        "0,0,0,15": 0.6060941416887429,
        "0,0,0,16": 0.7994388847288303,
        "0,0,0,17": 0.9927836277689177,
        "0,0,0,18": 1.1861283708090051,
        "0,0,0,19": 1.3794731138490925,
        "0,0,0,20": 1.57281785688918,
        "0,0,0,21": 1.7661625999292674,