{
    "width": [
        3,
        2,
        1
    ],
    "depth": 3,
    "degree": 3,
    "coefs_size": 12,
    "knots_size": 16,
    "num_inputs_dict": {
        "0": 3,
        "1": 2
    },
    "num_outputs_dict": {
        "0": 2,
        "1": 1
    },
    "coefs_dict": {
        "0,0,0,0": -0.362257775950476,
        "0,0,0,1": -1.0537401534703617,
        "0,0,0,2": -0.26111385023868827,
        "0,0,0,3": 0.5516806569352881,
        "0,0,0,4": 0.7597826210329066,
        "0,0,0,5": 0.663785290430637,
        "0,0,0,6": 0.4208888538913805,
        "0,0,0,7": -0.06357455494701429,
        "0,0,0,8": -0.01632810795867764,
        "0,0,0,9": -0.01395501522268826,
        "0,0,0,10": -0.2957469214606288,
        "0,0,0,11": -0.040840210697711994,
        "0,0,1,0": 0.8402443725164019,
        "0,0,1,1": 0.2530504751419515,
        "0,0,1,2": -0.21889118713651223,
        "0,0,1,3": -0.5819934307206054,
        "0,0,1,4": -0.8457908121445248,
        "0,0,1,5": -1.0161850089897704,
        "0,0,1,6": -1.100334569510372,
        "0,0,1,7": -1.096925094390571,
        "0,0,1,8": -1.0019723679002313,
        "0,0,1,9": -0.8091396494271312,
        "0,0,1,10": -0.5090509474624554,
        "0,0,1,11": -0.09657187264719541,
        "0,0,2,0": 0.868034261761297,
        "0,0,2,1": 0.5437156394368443,
        "0,0,2,2": 0.23093631982326568,
        "0,0,2,3": -0.053076234567276996,
        "0,0,2,4": -0.2953891112860529,
        "0,0,2,5": -0.4779329186306069,
        "0,0,2,6": -0.5926995714537422,
        "0,0,2,7": -0.6376643543822894,
        "0,0,2,8": -0.6277714836865761,
        "0,0,2,9": -0.5711482464776251,
        "0,0,2,10": -0.49694225417266946,
        "0,0,2,11": -0.37144883441069376,
        "0,1,0,0": 0.9191969949689496,
        "0,1,0,1": 0.36996060779855366,
        "0,1,0,2": -0.0713983444378656,
        "0,1,0,3": -0.4130085837889368,
        "0,1,0,4": -0.6616762531299901,
        "0,1,0,5": -0.8233306843867723,
        "0,1,0,6": -0.9031141800159213,
        "0,1,0,7": -0.9009036068792009,
        "0,1,0,8": -0.8124952037371778,
        "0,1,0,9": -0.6285795466288622,
        "0,1,0,10": -0.34349282242810986,
        "0,1,0,11": 0.050135872933337315,
        "0,1,1,0": 1.0090781737137993,
        "0,1,1,1": 0.6809193531086897,
        "0,1,1,2": 0.3501710543385845,
        "0,1,1,3": 0.04485513913372416,
        "0,1,1,4": -0.22048275808833617,
        "0,1,1,5": -0.42989722109123424,
        "0,1,1,6": -0.5721761150001518,
        "0,1,1,7": -0.6483093627508345,
        "0,1,1,8": -0.6649741536095162,
        "0,1,1,9": -0.6395859830302257,
        "0,1,1,10": -0.5825188437342873,
        "0,1,1,11": -0.5266175207945871,
        "0,1,2,0": 0.5863917079094897,
        "0,1,2,1": 0.5879274835634987,
        "0,1,2,2": 0.42173605896420013,
        "0,1,2,3": 0.18606330896510276,
        "0,1,2,4": -0.2327459715524274,
        "0,1,2,5": -0.509896765886443,
        "0,1,2,6": -0.6805868502592188,
        "0,1,2,7": -0.8162533406484661,
        "0,1,2,8": -0.6816857294790368,
        "0,1,2,9": -0.43548499723397516,
        "0,1,2,10": -0.16009795891796733,
        "0,1,2,11": -0.04351260774882397,
        "1,0,0,0": -0.280421992506985,
        "1,0,0,1": -0.8606373428893387,
        "1,0,0,2": -1.2862213256468422,
        "1,0,0,3": -1.580251648290901,
        "1,0,0,4": -1.76572612574126,
        "1,0,0,5": -1.8628459173853509,
        "1,0,0,6": -1.8887526465292666,
        "1,0,0,7": -1.8534768735610845,
        "1,0,0,8": -1.7588143568877725,
        "1,0,0,9": -1.5978484312137988,
        "1,0,0,10": -1.3560167878502438,
        "1,0,0,11": -1.033366186369882,
        "1,0,1,0": 0.38599520546479826,
        "1,0,1,1": 0.05534074404847915,
        "1,0,1,2": -0.13662933746841743,
        "1,0,1,3": -0.21356607831108446,
        "1,0,1,4": -0.21443459511951268,
        "1,0,1,5": -0.18143137905390125,
        "1,0,1,6": -0.14920630086709194,
        "1,0,1,7": -0.13186100668158438,
        "1,0,1,8": -0.11329022009341641,
        "1,0,1,9": -0.06384612979999535,
        "1,0,1,10": 0.06564036645602142,
        "1,0,1,11": 0.3243269506190915
    },
    "knots_dict": {
        "0,0,0,0": -2.8741112330328296,
        "0,0,0,1": -2.4874217469526547,
        "0,0,0,2": -2.10073226087248,
        "0,0,0,3": -1.7140427747923053,
        "0,0,0,4": -1.3273532887121307,
        "0,0,0,5": -0.9406638026319558,
        "0,0,0,6": -0.5539743165517812,
        "0,0,0,7": -0.16728483047160636,
        "0,0,0,8": 0.21940465560856848,
        "0,0,0,9": 0.6060941416887429,
        "0,0,0,10": 0.9927836277689177,
        "0,0,0,11": 1.3794731138490925,
        "0,0,0,12": 1.7661625999292674,
        "0,0,0,13": 2.152852086009442,
        "0,0,0,14": 2.539541572089617,
        "0,0,0,15": 2.9262310581697917,
        "0,0,1,0": -2.935536347147088,
        "0,0,1,1": -2.5488779444712586,
        "0,0,1,2": -2.162219541795429,
        "0,0,1,3": -1.7755611391195993,
        "0,0,1,4": -1.3889027364437698,
        "0,0,1,5": -1.0022443337679403,
        "0,0,1,6": -0.6155859310921108,
        "0,0,1,7": -0.22892752841628128,
        "0,0,1,8": 0.15773087425954846,
        "0,0,1,9": 0.5443892769353778,
        "0,0,1,10": 0.931047679611207,
        "0,0,1,11": 1.3177060822870368,
        "0,0,1,12": 1.7043644849628665,
        "0,0,1,13": 2.091022887638696,
        "0,0,1,14": 2.4776812903145258,
        "0,0,1,15": 2.864339692990355,
        "0,0,2,0": -2.894897646548502,
        "0,0,2,1": -2.5080056448470947,
        "0,0,2,2": -2.121113643145687,
        "0,0,2,3": -1.7342216414442797,
        "0,0,2,4": -1.3473296397428725,
        "0,0,2,5": -0.9604376380414651,
        "0,0,2,6": -0.5735456363400577,
        "0,0,2,7": -0.18665363463865048,
        "0,0,2,8": 0.200238367062757,
        "0,0,2,9": 0.5871303687641642,
        "0,0,2,10": 0.9740223704655713,
        "0,0,2,11": 1.3609143721669787,
        "0,0,2,12": 1.7478063738683862,
        "0,0,2,13": 2.1346983755697937,
        "0,0,2,14": 2.521590377271201,
        "0,0,2,15": 2.9084823789726086,
        "0,1,0,0": -2.8741112330328296,
        "0,1,0,1": -2.4874217469526547,
        "0,1,0,2": -2.10073226087248,
        "0,1,0,3": -1.7140427747923053,
        "0,1,0,4": -1.3273532887121307,
        "0,1,0,5": -0.9406638026319558,
        "0,1,0,6": -0.5539743165517812,
        "0,1,0,7": -0.16728483047160636,
        "0,1,0,8": 0.21940465560856848,
        "0,1,0,9": 0.6060941416887429,
        "0,1,0,10": 0.9927836277689177,
        "0,1,0,11": 1.3794731138490925,
        "0,1,0,12": 1.7661625999292674,
        "0,1,0,13": 2.152852086009442,
        "0,1,0,14": 2.539541572089617,
        "0,1,0,15": 2.9262310581697917,
        "0,1,1,0": -2.935536347147088,
        "0,1,1,1": -2.5488779444712586,
        "0,1,1,2": -2.162219541795429,
        "0,1,1,3": -1.7755611391195993,
        "0,1,1,4": -1.3889027364437698,
        "0,1,1,5": -1.0022443337679403,
        "0,1,1,6": -0.6155859310921108,
        "0,1,1,7": -0.22892752841628128,
        "0,1,1,8": 0.15773087425954846,
        "0,1,1,9": 0.5443892769353778,
        "0,1,1,10": 0.931047679611207,
        "0,1,1,11": 1.3177060822870368,
        "0,1,1,12": 1.7043644849628665,
        "0,1,1,13": 2.091022887638696,
        "0,1,1,14": 2.4776812903145258,
        "0,1,1,15": 2.864339692990355,
        "0,1,2,0": -2.894897646548502,
        "0,1,2,1": -2.5080056448470947,
        "0,1,2,2": -2.121113643145687,
        "0,1,2,3": -1.7342216414442797,
        "0,1,2,4": -1.3473296397428725,
        "0,1,2,5": -0.9604376380414651,
        "0,1,2,6": -0.5735456363400577,
        "0,1,2,7": -0.18665363463865048,
        "0,1,2,8": 0.200238367062757,
        "0,1,2,9": 0.5871303687641642,
        "0,1,2,10": 0.9740223704655713,
        "0,1,2,11": 1.3609143721669787,
        "0,1,2,12": 1.7478063738683862,
        "0,1,2,13": 2.1346983755697937,
        "0,1,2,14": 2.521590377271201,
        "0,1,2,15": 2.9084823789726086,