{
    "width": [
        3,
        2,
        1
    ],
    "depth": 3,
    "degree": 3,
    "coefs_size": 9,
    "knots_size": 13,
    "num_inputs_dict": {
        "0": 3,
        "1": 2
    },
    "num_outputs_dict": {
        "0": 2,
        "1": 1
    },
    "coefs_dict": {
        "0,0,0,0": 0.426068171997668,
        "0,0,0,1": -0.7590212130638686,
        "0,0,0,2": -0.3129691719336741,
        "0,0,0,3": -0.07163643044374102,
        "0,0,0,4": 0.5958606482528067,
        "0,0,0,5": 1.0446512620073927,
        "0,0,0,6": 0.23158486334127232,
        "0,0,0,7": -0.5891546647161956,
        "0,0,0,8": -0.40251485131463793,
        "0,0,1,0": 1.1400756492913844,
        "0,0,1,1": 0.19257808399268123,
        "0,0,1,2": -0.48853653929931273,
        "0,0,1,3": -0.9246963419998072,
        "0,0,1,4": -1.1413685795413095,
        "0,0,1,5": -1.1506495758611126,
        "0,0,1,6": -0.9420167637679713,
        "0,0,1,7": -0.49288412657177744,
        "0,0,1,8": 0.2210853353139212,
        "0,0,2,0": 1.067410774084861,
        "0,0,2,1": 0.6092421953257039,
        "0,0,2,2": 0.17850327721837067,
        "0,0,2,3": -0.1913534296688171,
        "0,0,2,4": -0.4550415604154743,
        "0,0,2,5": -0.5920093000629778,
        "0,0,2,6": -0.6244633345172685,
        "0,0,2,7": -0.5979658308827438,
        "0,0,2,8": -0.5411513014278769,
        "0,1,0,0": 0.934981485379245,
        "0,1,0,1": 0.1797372498834346,
        "0,1,0,2": -0.36126689103210957,
        "0,1,0,3": -0.7070409398414969,
        "0,1,0,4": -0.8699273853539472,
        "0,1,0,5": -0.8603810177368589,
        "0,1,0,6": -0.6691191612638628,
        "0,1,0,7": -0.27742258273433473,
        "0,1,0,8": 0.3258467607911507,
        "0,1,1,0": 1.1329092324831063,
        "0,1,1,1": 0.6637495521080571,
        "0,1,1,2": 0.20767634165151322,
        "0,1,1,3": -0.1871495197806046,
        "0,1,1,4": -0.4714276275898321,
        "0,1,1,5": -0.6205826726372818,
        "0,1,1,6": -0.6549645336588529,
        "0,1,1,7": -0.6200548587026418,
        "0,1,1,8": -0.5562866532842436,
        "0,1,2,0": 0.7437725950937464,
        "0,1,2,1": 0.5848469607444168,
        "0,1,2,2": 0.32371319257517467,
        "0,1,2,3": -0.17863310578128802,
        "0,1,2,4": -0.6589517891090617,
        "0,1,2,5": -0.825517528920831,
        "0,1,2,6": -0.6297664355815195,
        "0,1,2,7": -0.08408154724587173,
        "0,1,2,8": -0.24366965705577384,
        "1,0,0,0": 2.864215153693769,
        "1,0,0,1": 0.06804370784603964,
        "1,0,0,2": -1.3404536462208554,
        "1,0,0,3": -1.761391611870426,
        "1,0,0,4": -1.6720589784692872,
        "1,0,0,5": -1.4911286551268514,
        "1,0,0,6": -1.4144674132999457,
        "1,0,0,7": -1.290327444584445,
        "1,0,0,8": -0.8628084759039265,
        "1,0,1,0": -0.41978798304080134,
        "1,0,1,1": -1.0737075703379433,
        "1,0,1,2": -1.4235606624205528,
        "1,0,1,3": -1.525145899555731,
        "1,0,1,4": -1.4298380592569955,
        "1,0,1,5": -1.1735386463278825,
        "1,0,1,6": -0.7542047481165055,
        "1,0,1,7": -0.14797034931441425,
        "1,0,1,8": 0.754268352312623
    },
    "knots_dict": {
        "0,0,0,0": -3.454145462153092,
        "0,0,0,1": -2.8741112330328296,
        "0,0,0,2": -2.2940770039125673,
        "0,0,0,3": -1.7140427747923053,
        "0,0,0,4": -1.1340085456720432,
        "0,0,0,5": -0.5539743165517812,
        "0,0,0,6": 0.02605991256848106,
        "0,0,0,7": 0.6060941416887429,
        "0,0,0,8": 1.1861283708090051,
        "0,0,0,9": 1.7661625999292674,
        "0,0,0,10": 2.3461968290495294,
        "0,0,0,11": 2.9262310581697917,
        "0,0,0,12": 3.506265287290054,
        "0,0,1,0": -3.5155239511608323,
        "0,0,1,1": -2.935536347147088,
        "0,0,1,2": -2.3555487431333435,
        "0,0,1,3": -1.7755611391195993,
        "0,0,1,4": -1.1955735351058552,
        "0,0,1,5": -0.6155859310921108,
        "0,0,1,6": -0.03559832707836641,
        "0,0,1,7": 0.5443892769353778,
        "0,0,1,8": 1.1243768809491221,
        "0,0,1,9": 1.7043644849628665,
        "0,0,1,10": 2.2843520889766107,
        "0,0,1,11": 2.864339692990355,
        "0,0,1,12": 3.4443272970040995,
        "0,0,2,0": -3.475235649100612,
        "0,0,2,1": -2.8948976465485012,
        "0,0,2,2": -2.3145596439963905,
        "0,0,2,3": -1.7342216414442797,
        "0,0,2,4": -1.1538836388921687,
        "0,0,2,5": -0.5735456363400577,
        "0,0,2,6": 0.006792366212053258,
        "0,0,2,7": 0.5871303687641642,
        "0,0,2,8": 1.167468371316275,
        "0,0,2,9": 1.7478063738683862,
        "0,0,2,10": 2.3281443764204974,
        "0,0,2,11": 2.908482378972608,
        "0,0,2,12": 3.488820381524719,
        "0,1,0,0": -3.454145462153092,
        "0,1,0,1": -2.8741112330328296,
        "0,1,0,2": -2.2940770039125673,
        "0,1,0,3": -1.7140427747923053,
        "0,1,0,4": -1.1340085456720432,
        "0,1,0,5": -0.5539743165517812,
        "0,1,0,6": 0.02605991256848106,
        "0,1,0,7": 0.6060941416887429,
        "0,1,0,8": 1.1861283708090051,
        "0,1,0,9": 1.7661625999292674,
        "0,1,0,10": 2.3461968290495294,
        "0,1,0,11": 2.9262310581697917,
        "0,1,0,12": 3.506265287290054,
        "0,1,1,0": -3.5155239511608323,
        "0,1,1,1": -2.935536347147088,
        "0,1,1,2": -2.3555487431333435,
        "0,1,1,3": -1.7755611391195993,
        "0,1,1,4": -1.1955735351058552,
        "0,1,1,5": -0.6155859310921108,
        "0,1,1,6": -0.03559832707836641,
        "0,1,1,7": 0.5443892769353778,
        "0,1,1,8": 1.1243768809491221,
        "0,1,1,9": 1.7043644849628665,
        "0,1,1,10": 2.2843520889766107,
        "0,1,1,11": 2.864339692990355,
        "0,1,1,12": 3.4443272970040995,
        "0,1,2,0": -3.475235649100612,
        "0,1,2,1": -2.8948976465485012,
        "0,1,2,2": -2.3145596439963905,
        "0,1,2,3": -1.7342216414442797,
        "0,1,2,4": -1.1538836388921687,
        "0,1,2,5": -0.5735456363400577,
        "0,1,2,6": 0.006792366212053258,
        "0,1,2,7": 0.5871303687641642,
        "0,1,2,8": 1.167468371316275,
        "0,1,2,9": 1.7478063738683862,
        "0,1,2,10": 2.3281443764204974,
        "0,1,2,11": 2.908482378972608,
        "0,1,2,12": 3.488820381524719,
        "1,0,0,0": -2.940451181929209,
        "1,0,0,1": -2.5266871791844574,
        "1,0,0,2": -2.112923176439706,
        "1,0,0,3": -1.699159173694954,
        "1,0,0,4": -1.2853951709502023,
        "1,0,0,5": -0.8716311682054507,
        "1,0,0,6": -0.45786716546069894,
        "1,0,0,7": -0.044103162715947386,
        "1,0,0,8": 0.36966084002880417,
        "1,0,0,9": 0.7834248427735562,
        "1,0,0,10": 1.197188845518308,
        "1,0,0,11": 1.6109528482630597,
        "1,0,0,12": 2.0247168510078115,
        "1,0,1,0": -2.72440417345108,
        "1,0,1,1": -2.30641665896649,
        "1,0,1,2": -1.8884291444818997,
        "1,0,1,3": -1.4704416299973093,
        "1,0,1,4": -1.052454115512719,
        "1,0,1,5": -0.6344666010281286,
        "1,0,1,6": -0.2164790865435382,
        "1,0,1,7": 0.20150842794105217,
        "1,0,1,8": 0.6194959424256423,
        "1,0,1,9": 1.037483456910233,
        "1,0,1,10": 1.4554709713948233,
        "1,0,1,11": 1.8734584858794137,
        "1,0,1,12": 2.291446000364004
    },
    "scale_sp_dict": {
        "0,0,0": -0.001103136783039281,
        "0,0,1": 1.0647256335380288,
        "0,0,2": 0.5193972225483445,
        "0,1,0": 1.3150011794338399,
        "0,1,1": 0.4844164326473185,
        "0,1,2": -0.0002803914051691452,
        "1,0,0": 0.20245589662162733,
        "1,0,1": 1.0619473502780323
    },
    "scale_base_dict": {
        "0,0,0": -0.0003353505484129624,
        "0,0,1": 0.427277701774633,
        "0,0,2": -0.3778116289368024,
        "0,1,0": 0.33640146516905,
        "0,1,1": -0.3768685420944016,
        "0,1,2": 0.000564435713126709,
        "1,0,0": 4.3855358012690395,
        "1,0,1": 2.444536010463788
    },