{
    "width": [
        3,
        2,
        1
    ],
    "depth": 3,
    "degree": 3,
    "coefs_size": 15,
    "knots_size": 19,
    "num_inputs_dict": {
        "0": 3,
        "1": 2
    },
    "num_outputs_dict": {
        "0": 2,
        "1": 1
    },
    "coefs_dict": {
        "0,0,0,0": -0.6694689492939702,
        "0,0,0,1": -1.0102297360652315,
        "0,0,0,2": -0.604669028524646,
        "0,0,0,3": 0.17221752911029192,
        "0,0,0,4": 0.5894823358777681,
        "0,0,0,5": 0.7523469276718985,
        "0,0,0,6": 0.6977865531494328,
        "0,0,0,7": 0.5950189697715027,
        "0,0,0,8": 0.3722992213115335,
        "0,0,0,9": -0.038116476855595445,
        "0,0,0,10": -0.06808314070851249,
        "0,0,0,11": 0.07933980097705974,
        "0,0,0,12": -0.1257927082292007,
        "0,0,0,13": -0.22127751039065746,
        "0,0,0,14": -0.1893767551645572,
        "0,0,1,0": 0.6886088664459815,
        "0,0,1,1": 0.2617643389780709,
        "0,0,1,2": -0.10175232785706878,
        "0,0,1,3": -0.40254056277028677,
        "0,0,1,4": -0.6460834114288845,
        "0,0,1,5": -0.8343783381415759,
        "0,0,1,6": -0.9711329107168977,
        "0,0,1,7": -1.0588650278608982,
        "0,0,1,8": -1.0986115544527255,
        "0,0,1,9": -1.0892332383605143,
        "0,0,1,10": -1.0285482825492447,
        "0,0,1,11": -0.914711569362188,
        "0,0,1,12": -0.7431630892108545,
        "0,0,1,13": -0.5111675754873426,
        "0,0,1,14": -0.21543283981251024,
        "0,0,2,0": 0.7990200694462014,
        "0,0,2,1": 0.5484328774180053,
        "0,0,2,2": 0.30953046975457943,
        "0,0,2,3": 0.08333788740426974,
        "0,0,2,4": -0.1213450882058283,
        "0,0,2,5": -0.299821315485033,
        "0,0,2,6": -0.4437700987189731,
        "0,0,2,7": -0.5483224418006153,
        "0,0,2,8": -0.6139884015005427,
        "0,0,2,9": -0.6390892592212897,
        "0,0,2,10": -0.6326922413896898,
        "0,0,2,11": -0.5996729334408979,
        "0,0,2,12": -0.5429800241100425,
        "0,0,2,13": -0.48280094365300075,
        "0,0,2,14": -0.3667859871495394,
        "0,1,0,0": 0.7197768592423391,
        "0,1,0,1": 0.34135596035117655,
        "0,1,0,2": 0.018544839037405836,
        "0,1,0,3": -0.24957501058736078,
        "0,1,0,4": -0.4673671723129621,
        "0,1,0,5": -0.6360049754639014,
        "0,1,0,6": -0.7591132657497982,
        "0,1,0,7": -0.8381243185582901,
        "0,1,0,8": -0.8743889598830775,
        "0,1,0,9": -0.866298343829831,
        "0,1,0,10": -0.8134545011278619,
        "0,1,0,11": -0.7101313196888944,
        "0,1,0,12": -0.5555195839840821,
        "0,1,0,13": -0.3454124031763608,
        "0,1,0,14": -0.07971591902415466,
        "0,1,1,0": 0.908877759041697,
        "0,1,1,1": 0.6685259418255195,
        "0,1,1,2": 0.4183322239223789,
        "0,1,1,3": 0.18092007738983354,
        "0,1,1,4": -0.03805595173561483,
        "0,1,1,5": -0.23130451145043454,
        "0,1,1,6": -0.39283170662867,
        "0,1,1,7": -0.5166839642831332,
        "0,1,1,8": -0.6017255376056846,
        "0,1,1,9": -0.6492753274945952,
        "0,1,1,10": -0.6631937954943173,
        "0,1,1,11": -0.6493494570340951,
        "0,1,1,12": -0.6161570581211253,
        "0,1,1,13": -0.565130973833108,
        "0,1,1,14": -0.5252399183927842,
        "0,1,2,0": 0.5607424882260205,
        "0,1,2,1": 0.5844730872931115,
        "0,1,2,2": 0.4322819201008528,
        "0,1,2,3": 0.30966551321217733,
        "0,1,2,4": 0.12555972343480115,
        "0,1,2,5": -0.2259362407705416,
        "0,1,2,6": -0.4616790949835773,
        "0,1,2,7": -0.5388394661030007,
        "0,1,2,8": -0.7303972193161062,
        "0,1,2,9": -0.839613775881594,
        "0,1,2,10": -0.7149729729860346,
        "0,1,2,11": -0.5494569825172794,
        "0,1,2,12": -0.3729598739801648,
        "0,1,2,13": -0.17373753981360945,
        "0,1,2,14": -0.011137402284803321,
        "1,0,0,0": -0.283243107174661,
        "1,0,0,1": -0.7117880725125328,
        "1,0,0,2": -1.0835344453600835,
        "1,0,0,3": -1.368275748726701,
        "1,0,0,4": -1.5844519232014236,
        "1,0,0,5": -1.7368900645179401,
        "1,0,0,6": -1.8375890623350923,
        "1,0,0,7": -1.8913562930212728,
        "1,0,0,8": -1.906179267320579,
        "1,0,0,9": -1.88311586902318,
        "1,0,0,10": -1.8233562020501048,
        "1,0,0,11": -1.724631477071285,
        "1,0,0,12": -1.5794448745775667,
        "1,0,0,13": -1.3864951023842043,
        "1,0,0,14": -1.1352364687340464,
        "1,0,1,0": 0.2975698658205508,
        "1,0,1,1": 0.06395857015741395,
        "1,0,1,2": -0.10442103386587254,
        "1,0,1,3": -0.2153642651592632,
        "1,0,1,4": -0.2781536284805746,
        "1,0,1,5": -0.3055003440580098,
        "1,0,1,6": -0.3076180883438018,
        "1,0,1,7": -0.2954904271566423,
        "1,0,1,8": -0.27415387789734863,
        "1,0,1,9": -0.24738945097678433,
        "1,0,1,10": -0.20967960571876665,
        "1,0,1,11": -0.15699972166577236,
        "1,0,1,12": -0.07865941029511835,
        "1,0,1,13": 0.039735172517792766,
        "1,0,1,14": 0.21624098174934628
    },
    "knots_dict": {
        "0,0,0,0": -2.584094118472698,
        "0,0,0,1": -2.2940770039125673,
        "0,0,0,2": -2.0040598893524364,
        "0,0,0,3": -1.7140427747923053,
        "0,0,0,4": -1.4240256602321741,
        "0,0,0,5": -1.1340085456720432,
        "0,0,0,6": -0.8439914311119121,
        "0,0,0,7": -0.5539743165517812,
        "0,0,0,8": -0.26395720199165007,
        "0,0,0,9": 0.02605991256848106,
        "0,0,0,10": 0.31607702712861196,
        "0,0,0,11": 0.6060941416887429,
        "0,0,0,12": 0.8961112562488742,
        "0,0,0,13": 1.1861283708090051,
        "0,0,0,14": 1.476145485369136,
        "0,0,0,15": 1.7661625999292674,
        "0,0,0,16": 2.0561797144893985,
        "0,0,0,17": 2.3461968290495294,
        "0,0,0,18": 2.6362139436096603,
        "0,0,1,0": -2.6455425451402155,
        "0,0,1,1": -2.3555487431333435,
        "0,0,1,2": -2.0655549411264715,
        "0,0,1,3": -1.7755611391195993,
        "0,0,1,4": -1.4855673371127271,
        "0,0,1,5": -1.1955735351058552,
        "0,0,1,6": -0.9055797330989829,
        "0,0,1,7": -0.6155859310921108,
        "0,0,1,8": -0.3255921290852386,
        "0,0,1,9": -0.03559832707836641,
        "0,0,1,10": 0.25439547492850534,
        "0,0,1,11": 0.5443892769353778,
        "0,0,1,12": 0.8343830789422502,
        "0,0,1,13": 1.1243768809491221,
        "0,0,1,14": 1.414370682955994,
        "0,0,1,15": 1.7043644849628665,
        "0,0,1,16": 1.9943582869697387,
        "0,0,1,17": 2.2843520889766107,
        "0,0,1,18": 2.5743458909834827,
        "0,0,2,0": -2.604728645272446,
        "0,0,2,1": -2.3145596439963905,
        "0,0,2,2": -2.024390642720335,
        "0,0,2,3": -1.7342216414442797,
        "0,0,2,4": -1.4440526401682243,
        "0,0,2,5": -1.1538836388921687,
        "0,0,2,6": -0.8637146376161132,
        "0,0,2,7": -0.5735456363400577,
        "0,0,2,8": -0.28337663506400235,
        "0,0,2,9": 0.006792366212053258,
        "0,0,2,10": 0.2969613674881084,
        "0,0,2,11": 0.5871303687641642,
        "0,0,2,12": 0.8772993700402196,
        "0,0,2,13": 1.167468371316275,
        "0,0,2,14": 1.4576373725923304,
        "0,0,2,15": 1.7478063738683862,
        "0,0,2,16": 2.0379753751444416,
        "0,0,2,17": 2.328144376420497,
        "0,0,2,18": 2.6183133776965524,
        "0,1,0,0": -2.584094118472698,
        "0,1,0,1": -2.2940770039125673,
        "0,1,0,2": -2.0040598893524364,
        "0,1,0,3": -1.7140427747923053,
        "0,1,0,4": -1.4240256602321741,
        "0,1,0,5": -1.1340085456720432,
        "0,1,0,6": -0.8439914311119121,
        "0,1,0,7": -0.5539743165517812,
        "0,1,0,8": -0.26395720199165007,
        "0,1,0,9": 0.02605991256848106,
        "0,1,0,10": 0.31607702712861196,
        "0,1,0,11": 0.6060941416887429,
        "0,1,0,12": 0.8961112562488742,
        "0,1,0,13": 1.1861283708090051,