{
    "width": [
        3,
        2,
        1
    ],
    "depth": 3,
    "degree": 3,
    "coefs_size": 6,
    "knots_size": 10,
    "num_inputs_dict": {
        "0": 3,
        "1": 2
    },
    "num_outputs_dict": {
        "0": 2,
        "1": 1
    },
    "coefs_dict": {
        "0,0,0,0": 1.1995517229060337,
        "0,0,0,1": -1.4468610209041908,
        "0,0,0,2": 1.1639605440291396,
        "0,0,0,3": 0.22730306120962326,
        "0,0,0,4": -0.6676850801172539,
        "0,0,0,5": 0.18141464511104835,
        "0,0,1,0": 1.9403474021232996,
        "0,0,1,1": -0.12666431067570014,
        "0,0,1,2": -1.152917385215775,
        "0,0,1,3": -1.2436729054212008,
        "0,0,1,4": -0.39695038216110634,
        "0,0,1,5": 1.4698652754628718,
        "0,0,2,0": 1.3658034906850691,
        "0,0,2,1": 0.8226787432280397,
        "0,0,2,2": 0.2811377244445933,
        "0,0,2,3": -0.23199238956578475,
        "0,0,2,4": -0.7181148900697568,
        "0,0,2,5": -1.2036556238486702,
        "0,1,0,0": 1.415267620199661,
        "0,1,0,1": -0.130056890503491,
        "0,1,0,2": -0.9041740399181906,
        "0,1,0,3": -0.90299256939493,
        "0,1,0,4": -0.1304250517990834,
        "0,1,0,5": 1.4278144296999535,
        "0,1,1,0": 1.4840007288989603,
        "0,1,1,1": 0.8209954781419855,
        "0,1,1,2": 0.1496546386891159,
        "0,1,1,3": -0.3618455519466727,
        "0,1,1,4": -0.7107062107486948,
        "0,1,1,5": -1.048716260024327,
        "0,1,2,0": 0.40158382398742193,
        "0,1,2,1": 0.9328248269302869,
        "0,1,2,2": -0.46612437543619584,
        "0,1,2,3": -1.0174856991251806,
        "0,1,2,4": -0.01929071455403701,
        "0,1,2,5": 0.2498626819699069,
        "1,0,0,0": 2.113751323162365,
        "1,0,0,1": -0.6434703685479704,
        "1,0,0,2": -1.8235507482225295,
        "1,0,0,3": -2.083505911444584,
        "1,0,0,4": -1.6729654182062763,
        "1,0,0,5": -0.23810087601380756,
        "1,0,1,0": 9.279292573077782,
        "1,0,1,1": 0.6547940408119834,
        "1,0,1,2": -1.7567629279678165,
        "1,0,1,3": -1.1024546727547984,
        "1,0,1,4": 2.5729109132974393,
        "1,0,1,5": 9.629262513712092
    },
    "knots_dict": {
        "0,0,0,0": -5.194248149513879,
        "0,0,0,1": -4.034179691273354,
        "0,0,0,2": -2.8741112330328296,
        "0,0,0,3": -1.7140427747923053,
        "0,0,0,4": -0.5539743165517812,
        "0,0,0,5": 0.6060941416887429,
        "0,0,0,6": 1.7661625999292674,
        "0,0,0,7": 2.9262310581697917,
        "0,0,0,8": 4.086299516410316,
        "0,0,0,9": 5.24636797465084,
        "0,0,1,0": -5.255486763202065,
        "0,0,1,1": -4.095511555174577,
        "0,0,1,2": -2.935536347147088,
        "0,0,1,3": -1.7755611391195993,
        "0,0,1,4": -0.6155859310921108,
        "0,0,1,5": 0.5443892769353778,
        "0,0,1,6": 1.7043644849628665,
        "0,0,1,7": 2.864339692990355,
        "0,0,1,8": 4.024314901017844,
        "0,0,1,9": 5.184290109045333,
        "0,0,2,0": -5.216249656756945,
        "0,0,2,1": -4.055573651652724,
        "0,0,2,2": -2.8948976465485017,
        "0,0,2,3": -1.7342216414442797,
        "0,0,2,4": -0.5735456363400577,
        "0,0,2,5": 0.5871303687641642,
        "0,0,2,6": 1.7478063738683862,
        "0,0,2,7": 2.908482378972608,
        "0,0,2,8": 4.069158384076831,
        "0,0,2,9": 5.229834389181052,
        "0,1,0,0": -5.194248149513879,
        "0,1,0,1": -4.034179691273354,
        "0,1,0,2": -2.8741112330328296,
        "0,1,0,3": -1.7140427747923053,
        "0,1,0,4": -0.5539743165517812,
        "0,1,0,5": 0.6060941416887429,
        "0,1,0,6": 1.7661625999292674,
        "0,1,0,7": 2.9262310581697917,
        "0,1,0,8": 4.086299516410316,
        "0,1,0,9": 5.24636797465084,
        "0,1,1,0": -5.255486763202065,
        "0,1,1,1": -4.095511555174577,
        "0,1,1,2": -2.935536347147088,
        "0,1,1,3": -1.7755611391195993,
        "0,1,1,4": -0.6155859310921108,
        "0,1,1,5": 0.5443892769353778,
        "0,1,1,6": 1.7043644849628665,
        "0,1,1,7": 2.864339692990355,
        "0,1,1,8": 4.024314901017844,
        "0,1,1,9": 5.184290109045333,
        "0,1,2,0": -5.216249656756945,
        "0,1,2,1": -4.055573651652724,
        "0,1,2,2": -2.8948976465485017,
        "0,1,2,3": -1.7342216414442797,
        "0,1,2,4": -0.5735456363400577,
        "0,1,2,5": 0.5871303687641642,
        "0,1,2,6": 1.7478063738683862,
        "0,1,2,7": 2.908482378972608,
        "0,1,2,8": 4.069158384076831,
        "0,1,2,9": 5.229834389181052,
        "1,0,0,0": -3.4053662620563108,
        "1,0,0,1": -2.7124131730430547,
        "1,0,0,2": -2.0194600840297987,
        "1,0,0,3": -1.326506995016543,
        "1,0,0,4": -0.6335539060032869,
        "1,0,0,5": 0.05939918300996916,
        "1,0,0,6": 0.7523522720232252,
        "1,0,0,7": 1.4453053610364812,
        "1,0,0,8": 2.1382584500497375,
        "1,0,0,9": 2.8312115390629935,
        "1,0,1,0": -6.602666978895622,
        "1,0,1,1": -5.190123386622933,
        "1,0,1,2": -3.7775797943502436,
        "1,0,1,3": -2.3650362020775546,
        "1,0,1,4": -0.9524926098048654,
        "1,0,1,5": 0.46005098246782383,
        "1,0,1,6": 1.8725945747405133,
        "1,0,1,7": 3.2851381670132023,
        "1,0,1,8": 4.697681759285891,
        "1,0,1,9": 6.11022535155858
    },
    "scale_sp_dict": {
        "0,0,0": 0.0015041378751078907,
        "0,0,1": 0.9595070128964709,
        "0,0,2": 0.6712608419862134,
        "0,1,0": 1.184248232774816,
        "0,1,1": 0.5148933162590869,
        "0,1,2": 0.0006216657783343175,
        "1,0,0": 0.6960180318050823,
        "1,0,1": 2.21021491513689
    },
    "scale_base_dict": {
        "0,0,0": -0.0005948959227847236,
        "0,0,1": 0.15431597569331798,
        "0,0,2": -0.029950920159545258,
        "0,1,0": -0.004004998035502748,
        "0,1,1": -0.12749075289555523,
        "0,1,2": -0.0007102000526246795,
        "1,0,0": 3.8283921633086537,
        "1,0,1": 0.22894387464998636
    },
    "biases_dict": {
        "0,0": 0.4447284814736083,
        "0,1": 0.5211323337659518,
        "1,0": 4.07375170924097
    },
    "input_lb_dict": {
        "0,0,0": -1.7140427747923053,
        "0,0,1": -1.7755611391195993,
        "0,0,2": -1.7342216414442797,
        "0,1,0": -1.7140427747923053,
        "0,1,1": -1.7755611391195993,
        "0,1,2": -1.7342216414442797,
        "1,0,0": -1.326506995016543,
        "1,0,1": -2.3650362020775546
    },
    "input_ub_dict": {
        "0,0,0": 1.7661625999292674,
        "0,0,1": 1.7043644849628665,
        "0,0,2": 1.7478063738683862,
        "0,1,0": 1.7661625999292674,
        "0,1,1": 1.7043644849628665,
        "0,1,2": 1.7478063738683862,
        "1,0,0": 0.7523522720232252,
        "1,0,1": 1.8725945747405133
    },
    "output_lb_dict": {
        "0,0,0": -0.001457545289250696,
        "0,0,1": -1.1150301876641255,
        "0,0,2": -0.5234303758568232,
        "0,1,0": -1.031961567437038,
        "0,1,1": -0.5459716208793407,
        "0,1,2": -0.0011405052217073356,
        "1,0,0": -2.0039336407837647,
        "1,0,1": -3.0784359183303867
    },
    "output_ub_dict": {
        "0,0,0": 0.0010946640091423117,
        "0,0,1": -0.007660012637726997,
        "0,0,2": 0.5570876369105292,
        "0,1,0": -0.012557238694699187,
        "0,1,1": 0.45193311186837765,
        "0,1,2": 0.0005628560712876997,
        "1,0,0": 1.5650060407389006,
        "1,0,1": 0.8375057225552301
    },
    "layer_output_lb_dict": {
        "0,0": -1.1951896273365912,
        "0,1": -1.0579413597721343,
        "1,0": -1.0086178498731817
    },
    "layer_output_ub_dict": {
        "0,0": 0.9952507697555528,
        "0,1": 0.9610710630109179,
        "1,0": 6.4762634725351
    },
    "silu_output_ub_dict": {
        "0,0,0": 1.5082671900478488,
        "0,0,1": 1.442069441976748,
        "0,0,2": 1.4885645803645073,
        "0,1,0": 1.5082671900478488,
        "0,1,1": 1.442069441976748,
        "0,1,2": 1.4885645803645073,